<?xml version="1.0" encoding="UTF-8"?>
<kml xmlns="http://www.opengis.net/kml/2.2"
     xmlns:gx="http://www.google.com/kml/ext/2.2"
     xmlns:kml="http://www.opengis.net/kml/2.2"
     xmlns:atom="http://www.w3.org/2005/Atom">
  <Document>
    <name>PROJETO 3D: Catástrofe Nepal-Tibete 2026 (Talvegue Oficial OSM)</name>
    <open>1</open>
    <description><![CDATA[
      <div style="font-family: Arial, sans-serif; padding: 10px; max-width: 400px; color: #1e293b;">
        <h2 style="color: #b91c1c; margin-top: 0;">Catástrofe Transfronteiriça Nepal-Tibete</h2>
        <p><b>Data:</b> 26 de Agosto de 2026</p>
        <p>Projeto 3D guiado com o <b>talvegue real do rio extraído do OpenStreetMap (2.979 pontos)</b> reconstituindo a trajetória exata da enxurrada pelo leito fluvial.</p>
        <hr style="border: 0; border-top: 1px solid #e2e8f0;">
        <p style="font-size: 12px; color: #64748b;">Dê dois cliques no <b>"▶ Iniciar Tour Narrado 3D"</b> para iniciar o sobrevoo cinematográfico orbital.</p>
      </div>
    ]]></description>

    <!-- ESTILOS VISUAIS -->
    <Style id="styleOrigin">
      <IconStyle>
        <color>ff0000ff</color>
        <scale>1.5</scale>
        <Icon><href>http://maps.google.com/mapfiles/kml/shapes/caution.png</href></Icon>
      </IconStyle>
      <LabelStyle><color>ffffffff</color><scale>1.1</scale></LabelStyle>
    </Style>

    <Style id="styleDam">
      <IconStyle>
        <color>ff0055ff</color>
        <scale>1.4</scale>
        <Icon><href>http://maps.google.com/mapfiles/kml/shapes/water.png</href></Icon>
      </IconStyle>
      <LabelStyle><color>ffffffff</color><scale>1.0</scale></LabelStyle>
    </Style>

    <Style id="stylePort">
      <IconStyle>
        <color>ff00aaff</color>
        <scale>1.3</scale>
        <Icon><href>http://maps.google.com/mapfiles/kml/shapes/placemark_circle.png</href></Icon>
      </IconStyle>
      <LabelStyle><color>ffffffff</color><scale>1.0</scale></LabelStyle>
    </Style>

    <Style id="styleHydro">
      <IconStyle>
        <color>ffff00aa</color>
        <scale>1.3</scale>
        <Icon><href>http://maps.google.com/mapfiles/kml/shapes/target.png</href></Icon>
      </IconStyle>
      <LabelStyle><color>ffffffff</color><scale>1.0</scale></LabelStyle>
    </Style>

    <Style id="styleDebrisPath">
      <LineStyle>
        <color>e60000ff</color>
        <width>6.5</width>
      </LineStyle>
    </Style>

    <Style id="styleAvalancheScar">
      <LineStyle><color>ff0000ff</color><width>3</width></LineStyle>
      <PolyStyle><color>800000ff</color></PolyStyle>
    </Style>

    <Style id="styleBorderLine">
      <LineStyle>
        <color>ff00ff00</color>
        <width>3</width>
      </LineStyle>
    </Style>

    <!-- TOUR NARRADO AUTOMÁTICO 3D -->
    <gx:Tour>
      <name>▶ Iniciar Tour Narrado 3D (Passo a Passo)</name>
      <description><![CDATA[Animação 3D guiando pelas etapas da catástrofe acompanhando o leito real do rio.]]></description>
      <gx:Playlist>
        <gx:FlyTo>
          <gx:duration>6.0</gx:duration>
          <gx:flyToMode>smooth</gx:flyToMode>
          <LookAt>
            <longitude>85.4200</longitude>
            <latitude>28.2400</latitude>
            <altitude>0</altitude>
            <heading>20</heading>
            <tilt>45</tilt>
            <range>45000</range>
            <altitudeMode>relativeToGround</altitudeMode>
          </LookAt>
        </gx:FlyTo>
        <gx:Wait><gx:duration>3.0</gx:duration></gx:Wait>

        <gx:FlyTo>
          <gx:duration>7.0</gx:duration>
          <gx:flyToMode>smooth</gx:flyToMode>
          <LookAt>
            <longitude>85.5194</longitude>
            <latitude>28.2765</latitude>
            <altitude>5200</altitude>
            <heading>145</heading>
            <tilt>68</tilt>
            <range>7500</range>
            <altitudeMode>relativeToGround</altitudeMode>
          </LookAt>
        </gx:FlyTo>
        <gx:Wait><gx:duration>5.0</gx:duration></gx:Wait>

        <gx:FlyTo>
          <gx:duration>6.0</gx:duration>
          <gx:flyToMode>smooth</gx:flyToMode>
          <LookAt>
            <longitude>85.4800</longitude>
            <latitude>28.2740</latitude>
            <altitude>3950</altitude>
            <heading>260</heading>
            <tilt>62</tilt>
            <range>6000</range>
            <altitudeMode>relativeToGround</altitudeMode>
          </LookAt>
        </gx:FlyTo>
        <gx:Wait><gx:duration>5.0</gx:duration></gx:Wait>

        <gx:FlyTo>
          <gx:duration>7.0</gx:duration>
          <gx:flyToMode>smooth</gx:flyToMode>
          <LookAt>
            <longitude>85.3300</longitude>
            <latitude>28.3970</latitude>
            <altitude>2700</altitude>
            <heading>350</heading>
            <tilt>55</tilt>
            <range>8000</range>
            <altitudeMode>relativeToGround</altitudeMode>
          </LookAt>
        </gx:FlyTo>
        <gx:Wait><gx:duration>5.0</gx:duration></gx:Wait>

        <gx:FlyTo>
          <gx:duration>7.0</gx:duration>
          <gx:flyToMode>smooth</gx:flyToMode>
          <LookAt>
            <longitude>85.3810</longitude>
            <latitude>28.2730</latitude>
            <altitude>1814</altitude>
            <heading>190</heading>
            <tilt>65</tilt>
            <range>5500</range>
            <altitudeMode>relativeToGround</altitudeMode>
          </LookAt>
        </gx:FlyTo>
        <gx:Wait><gx:duration>5.0</gx:duration></gx:Wait>

        <gx:FlyTo>
          <gx:duration>8.0</gx:duration>
          <gx:flyToMode>smooth</gx:flyToMode>
          <LookAt>
            <longitude>85.2400</longitude>
            <latitude>28.0400</latitude>
            <altitude>1000</altitude>
            <heading>205</heading>
            <tilt>50</tilt>
            <range>22000</range>
            <altitudeMode>relativeToGround</altitudeMode>
          </LookAt>
        </gx:FlyTo>
        <gx:Wait><gx:duration>5.0</gx:duration></gx:Wait>

        <gx:FlyTo>
          <gx:duration>6.0</gx:duration>
          <gx:flyToMode>smooth</gx:flyToMode>
          <LookAt>
            <longitude>85.4000</longitude>
            <latitude>28.2200</latitude>
            <altitude>0</altitude>
            <heading>35</heading>
            <tilt>58</tilt>
            <range>35000</range>
            <altitudeMode>relativeToGround</altitudeMode>
          </LookAt>
        </gx:FlyTo>
      </gx:Playlist>
    </gx:Tour>

    <!-- CAMADAS CARTOGRÁFICAS -->
    <Folder>
      <name>Camadas Cartográficas 3D</name>
      
      <Placemark>
        <name>Cicatriz de Ruptura Glacial (Langtang Lirung)</name>
        <styleUrl>#styleAvalancheScar</styleUrl>
        <Polygon>
          <extrude>1</extrude>
          <altitudeMode>relativeToGround</altitudeMode>
          <outerBoundaryIs>
            <LinearRing>
              <coordinates>
                85.5150,28.2800,400
                85.5240,28.2800,400
                85.5220,28.2730,200
                85.5130,28.2730,200
                85.5150,28.2800,400
              </coordinates>
            </LinearRing>
          </outerBoundaryIs>
        </Polygon>
      </Placemark>

      <Placemark>
        <name>Eixo da Enxurrada no Talvegue Oficial do Rio (2.979 pontos OSM)</name>
        <description><![CDATA[Traçado contínuo extraído do OpenStreetMap seguindo estritamente a calha e o talvegue dos rios Lhende Khola, Bhote Koshi e Trishuli.]]></description>
        <styleUrl>#styleDebrisPath</styleUrl>
        <LineString>
          <extrude>0</extrude>
          <tessellate>1</tessellate>
          <altitudeMode>clampToGround</altitudeMode>
          <coordinates>
          85.5194,28.2765,5200
          85.5080,28.2785,4800
          85.4960,28.2805,4450
          85.4850,28.2790,4150
          85.4800,28.2740,3950
          85.4680,28.2725,3700
          85.4540,28.2710,3450
          85.4410,28.2705,3200
          85.4280,28.2715,2950
          85.4150,28.2725,2700
          85.4020,28.2730,2450
          85.3910,28.2735,2150
          85.3815,28.2732,1814
          85.3777286,28.2734137,0
          85.3776181,28.2726571,0
          85.3775209,28.2719917,0
          85.3776048,28.2713134,0
          85.3775962,28.2706383,0
          85.3775949,28.270283,0
          85.3773685,28.2698453,0
          85.3767389,28.2692069,0
          85.3763324,28.2688538,0
          85.376239,28.2682701,0
          85.3761588,28.268068,0
          85.3760461,28.2677839,0
          85.3758622,28.2674971,0
          85.3758404,28.2671284,0
          85.3757841,28.2668506,0
          85.3755782,28.266605,0
          85.3752892,28.2663322,0
          85.3750465,28.2662087,0
          85.3747305,28.2660842,0
          85.374483,28.2660575,0
          85.3740981,28.2658021,0
          85.3738543,28.2655288,0
          85.3736376,28.2652264,0
          85.3732695,28.2649583,0
          85.3728356,28.2648002,0
          85.3726159,28.2645444,0
          85.3725014,28.2642226,0
          85.3725293,28.2637686,0
          85.3727395,28.2633658,0
          85.3728672,28.2630691,0
          85.372849,28.2627265,0
          85.3726205,28.2623202,0
          85.3721556,28.2619653,0
          85.371794,28.2617948,0
          85.3711533,28.2614335,0
          85.3709295,28.2612648,0
          85.3706772,28.2609758,0
          85.3701434,28.2603391,0
          85.369643,28.2598333,0
          85.369335,28.2595682,0
          85.3689459,28.2591658,0
          85.3687436,28.2589566,0
          85.3680626,28.2586969,0
          85.3674829,28.2585703,0
          85.3665112,28.2584886,0
          85.3658447,28.2581913,0
          85.3655834,28.2579395,0
          85.3654734,28.2576234,0
          85.3655078,28.2570507,0
          85.3655078,28.2564967,0
          85.3651377,28.254852,0
          85.3650429,28.2542095,0
          85.3650446,28.2534983,0
          85.3650598,28.2530637,0
          85.3650195,28.2522315,0
          85.3648935,28.2520075,0
          85.3647465,28.2517719,0
          85.3646775,28.2514446,0
          85.3646449,28.2511203,0
          85.3648108,28.2505815,0
          85.36497,28.2500646,0
          85.3650164,28.2497402,0
          85.3649821,28.249554,0
          85.3648616,28.2494292,0
          85.364336,28.2489507,0
          85.3640952,28.2486872,0
          85.3638697,28.2481966,0
          85.3633558,28.2467827,0
          85.3631936,28.2465653,0
          85.3629994,28.2463895,0
          85.3624306,28.2458514,0
          85.3611588,28.2450484,0
          85.3604894,28.2447003,0
          85.3596845,28.2442672,0
          85.3592583,28.2438852,0
          85.3588736,28.2434913,0
          85.3586512,28.2432473,0
          85.358457,28.2428725,0
          85.3582262,28.2423521,0
          85.3581454,28.2416326,0
          85.3581813,28.2411955,0
          85.3582245,28.2406879,0
          85.3582515,28.2403252,0
          85.3582567,28.2397252,0
          85.3582034,28.2392849,0
          85.3582631,28.2386698,0
          85.3581634,28.2382734,0
          85.3580332,28.2380123,0
          85.3579697,28.2378227,0
          85.3579239,28.2376081,0
          85.3579374,28.2373559,0
          85.358087,28.2370764,0
          85.3584222,28.23691,0
          85.3585944,28.2368124,0
          85.3587017,28.2366909,0
          85.3587843,28.2364763,0
          85.358794,28.2362643,0
          85.3588086,28.2359585,0
          85.3588799,28.2357066,0
          85.3590113,28.2351725,0
          85.3591105,28.2349433,0
          85.3592688,28.2347566,0
          85.3594673,28.2345889,0
          85.3596367,28.2343824,0
          85.3598347,28.233913,0
          85.360057,28.2334183,0
          85.3603115,28.2329665,0
          85.3603513,28.2327601,0
          85.3603578,28.2321643,0
          85.3603979,28.2316935,0
          85.3604357,28.2311473,0
          85.3605317,28.23082,0
          85.360677,28.2305289,0
          85.3607477,28.2302819,0
          85.3608379,28.2300611,0
          85.3608727,28.2295459,0
          85.3609988,28.2289197,0
          85.361031,28.2285227,0
          85.3610095,28.2280429,0
          85.360978,28.2276578,0
          85.3609934,28.227386,0
          85.3610739,28.2266628,0
          85.36108,28.2264494,0
          85.3610873,28.2258924,0
          85.361097,28.2255196,0
          85.3611168,28.2251645,0
          85.3611661,28.2247643,0
          85.3611157,28.2243836,0
          85.3610444,28.2241672,0
          85.3609334,28.2237594,0
          85.3609103,28.2234369,0
          85.3608544,28.2231308,0
          85.3608245,28.2229265,0
          85.3607766,28.2227661,0
          85.3606904,28.222631,0
          85.360536,28.222457,0
          85.3603604,28.2221915,0
          85.3599903,28.2218275,0
          85.3597462,28.2215817,0
          85.3595547,28.2213854,0
          85.3593171,28.2213028,0
          85.3591132,28.2212627,0
          85.3588825,28.2211563,0
          85.3587438,28.2210795,0
          85.3586572,28.2209271,0
          85.3585698,28.2207489,0
          85.3584718,28.2205331,0
          85.3582308,28.2202393,0
          85.3580672,28.2200337,0
          85.3577882,28.2197855,0
          85.3576004,28.2196012,0
          85.3573912,28.2193649,0
          85.3571874,28.2190907,0
          85.3568763,28.2188165,0
          85.3565893,28.2185944,0
          85.3564122,28.218462,0
          85.356254,28.2182659,0
          85.3559624,28.2179836,0
          85.3557745,28.2177415,0
          85.3556367,28.2175385,0
          85.3555419,28.2173248,0
          85.3554214,28.2170492,0
          85.3552582,28.216824,0
          85.3550939,28.2165683,0
          85.3548749,28.216323,0
          85.3548004,28.216186,0
          85.3547013,28.2160753,0
          85.3546174,28.2158921,0
          85.3546029,28.2156445,0
          85.354615,28.2154387,0
          85.3546433,28.2152425,0
          85.3546835,28.2147811,0
          85.3547627,28.214411,0
          85.3548374,28.2140348,0
          85.3548592,28.2136405,0
          85.3548512,28.2132576,0
          85.3547822,28.212834,0
          85.3546037,28.2121479,0
          85.3544623,28.2117237,0
          85.3543764,28.2114968,0
          85.354277,28.2112688,0
          85.3541994,28.2110146,0
          85.3541709,28.2107702,0
          85.354202,28.2105184,0
          85.3542691,28.2101235,0
          85.3542678,28.2099214,0
          85.3542182,28.2097264,0
          85.3541944,28.2094957,0
          85.354186,28.2092868,0
          85.3542477,28.2088826,0
          85.3543558,28.2085319,0
          85.3543335,28.2082209,0
          85.3544435,28.2077953,0
          85.3545052,28.2075826,0
          85.3546929,28.2071926,0
          85.3548217,28.2067884,0
          85.3548605,28.2065511,0
          85.3548646,28.2064575,0
          85.3548955,28.2062059,0
          85.3548431,28.2060722,0
          85.3548029,28.2059091,0
          85.3546876,28.2057058,0
          85.3545772,28.2055263,0
          85.3544489,28.2053962,0
          85.3543079,28.2052212,0
          85.3538936,28.2047532,0
          85.3537488,28.2045311,0
          85.35362,28.2043065,0
          85.3535745,28.2041907,0
          85.3532921,28.2037442,0
          85.3532002,28.2032427,0
          85.352985,28.2023396,0
          85.3525852,28.2003513,0
          85.35248,28.1995918,0
          85.3523831,28.199336,0
          85.352108,28.1990037,0
          85.3519543,28.1985975,0
          85.3518202,28.1980166,0
          85.3515916,28.1976113,0
          85.351472,28.1974739,0
          85.3512821,28.1973014,0
          85.3510543,28.1971358,0
          85.3509353,28.197051,0
          85.350757,28.1968721,0
          85.3505912,28.1965873,0
          85.3503538,28.1956769,0
          85.3502347,28.1952771,0
          85.3497741,28.1942085,0
          85.3491297,28.1934251,0
          85.3488563,28.1919014,0
          85.3487439,28.1916413,0
          85.3483397,28.1911612,0
          85.3474878,28.1897316,0
          85.3466022,28.1887847,0
          85.346156,28.1882563,0
          85.3459219,28.1874569,0
          85.3457747,28.1867874,0
          85.3458047,28.1862178,0
          85.3451906,28.1856063,0
          85.3445442,28.1849538,0
          85.344102,28.1840369,0
          85.3439246,28.1836371,0
          85.3438114,28.1831794,0
          85.3436949,28.1827808,0
          85.343715,28.1824017,0
          85.3436936,28.1823194,0
          85.3436134,28.1821557,0
          85.3434173,28.1820751,0
          85.3431107,28.1819754,0
          85.3429162,28.1817393,0
          85.3427556,28.1811583,0
          85.3426722,28.1807772,0
          85.3426633,28.1803773,0
          85.3426728,28.1801701,0
          85.3426392,28.1799331,0
          85.3427327,28.1793587,0
          85.3428027,28.1789346,0
          85.3427577,28.1785799,0
          85.3428829,28.1782323,0
          85.3429865,28.1779971,0
          85.3429497,28.177811,0
          85.3428838,28.1773014,0
          85.3427835,28.1769611,0
          85.3427678,28.1765348,0
          85.3427038,28.1761377,0
          85.3428187,28.1757361,0
          85.3427418,28.1755148,0
          85.3427748,28.1753508,0
          85.3429465,28.1743452,0
          85.3430013,28.1739672,0
          85.3429266,28.1738088,0
          85.3429127,28.1734989,0
          85.3428061,28.1731357,0
          85.3426822,28.1728292,0
          85.3427098,28.17265,0
          85.3426868,28.1724432,0
          85.3427036,28.1721164,0
          85.3426869,28.1713281,0
          85.3426739,28.1709703,0
          85.3427953,28.1706038,0
          85.3427419,28.1703673,0
          85.3427625,28.1701237,0
          85.3427062,28.1699171,0
          85.3426577,28.1697139,0
          85.3424621,28.1685631,0
          85.3424341,28.1683292,0
          85.3424312,28.1681469,0
          85.3424173,28.1677745,0
          85.3424406,28.1675819,0
          85.3424861,28.1674392,0
          85.3425707,28.167275,0
          85.3426658,28.1671531,0
          85.3427899,28.1669935,0
          85.342845,28.1666895,0
          85.3428768,28.1666029,0
          85.3428934,28.1665014,0
          85.3428912,28.1663782,0
          85.3428463,28.1661297,0
          85.342693,28.1657707,0
          85.3425719,28.1655778,0
          85.3421898,28.1650042,0
          85.3420658,28.1648709,0
          85.3419347,28.1647573,0
          85.3418024,28.1646622,0
          85.3415572,28.1645234,0
          85.3413057,28.1644225,0
          85.3413057,28.1644225,0
          85.3409875,28.1643893,0
          85.340532,28.1643132,0
          85.3402864,28.1642576,0
          85.3400519,28.1641894,0
          85.3398457,28.1641076,0
          85.3396849,28.1640114,0
          85.3395867,28.1639001,0
          85.3393909,28.1634449,0
          85.3393403,28.163375,0
          85.3392711,28.1633073,0
          85.3391771,28.1632397,0
          85.339052,28.16317,0
          85.338553,28.1629488,0
          85.3381598,28.1627521,0
          85.3378941,28.1625885,0
          85.3377417,28.1624543,0
          85.3376559,28.162331,0
          85.3375777,28.1621786,0
          85.3375177,28.1620127,0
          85.3374859,28.1618485,0
          85.337497,28.1616699,0
          85.3376032,28.1611136,0
          85.3376654,28.1606448,0
          85.3376746,28.1604142,0
          85.3376607,28.160201,0
          85.3376171,28.1600161,0
          85.3375375,28.1598707,0
          85.3374022,28.1597451,0
          85.3372069,28.1596149,0
          85.3369682,28.1594842,0
          85.3367027,28.1593569,0
          85.3361579,28.1591283,0
          85.335555,28.1589104,0
          85.3354138,28.1588773,0
          85.3347748,28.1588089,0
          85.3343802,28.1587523,0
          85.3340535,28.158677,0
          85.3339434,28.1586316,0
          85.333848,28.1585642,0
          85.3336178,28.1583377,0
          85.332979,28.1575967,0
          85.3327739,28.1573924,0
          85.3326739,28.1573217,0
          85.3324092,28.1571811,0
          85.331426,28.1567493,0
          85.3312826,28.1566735,0
          85.3311212,28.1565668,0
          85.3309161,28.156409,0
          85.330426,28.1559941,0
          85.3291694,28.1548664,0
          85.3282423,28.1538869,0
          85.328064,28.1537128,0
          85.3279363,28.1536303,0
          85.3275485,28.1534571,0
          85.3273835,28.1533544,0
          85.3273022,28.1532871,0
          85.3272221,28.1531995,0
          85.3270634,28.1529595,0
          85.3266736,28.1522561,0
          85.326519,28.1520573,0
          85.3264191,28.1519809,0
          85.3261108,28.1518156,0
          85.3253143,28.1514667,0
          85.3249712,28.1513013,0
          85.3248453,28.1512249,0
          85.324439,28.1509382,0
          85.3242126,28.150821,0
          85.3240829,28.1507747,0
          85.3239379,28.1507387,0
          85.3237747,28.1507148,0
          85.3234034,28.1506985,0
          85.3230839,28.1506652,0
          85.3228256,28.1505994,0
          85.3226163,28.1504961,0
          85.3224435,28.1503504,0
          85.3222088,28.1500621,0
          85.3220265,28.1498619,0
          85.3218138,28.1496708,0
          85.3216942,28.1495823,0
          85.3214243,28.1494261,0
          85.3212726,28.1493613,0
          85.3209984,28.1492687,0
          85.320555,28.1491444,0
          85.3204137,28.1490732,0
          85.3203392,28.1490208,0
          85.3202697,28.148953,0
          85.3202136,28.1488714,0
          85.3201674,28.1487797,0
          85.3200135,28.1483867,0
          85.3199657,28.1483006,0
          85.3199073,28.1482269,0
          85.3198349,28.1481694,0
          85.3197427,28.1481207,0
          85.3195008,28.1480239,0
          85.3190625,28.1478942,0
          85.3186415,28.1478064,0
          85.3183128,28.1477671,0
          85.3181053,28.1477268,0
          85.3179142,28.1476493,0
          85.3178282,28.1475901,0
          85.3177505,28.1475137,0
          85.3176822,28.1474176,0
          85.3175648,28.1471704,0
          85.3174902,28.1470461,0
          85.3173103,28.146815,0
          85.3171119,28.1466138,0
          85.3169217,28.1464508,0
          85.3167665,28.1463341,0
          85.3165973,28.146233,0
          85.3163658,28.1461201,0
          85.3160998,28.1460086,0
          85.315697,28.1458726,0
          85.3145872,28.1456305,0
          85.3139249,28.1454574,0
          85.3137532,28.1453985,0
          85.3136229,28.1453408,0
          85.3133995,28.1452158,0
          85.3131771,28.1450626,0
          85.3130771,28.1449731,0
          85.3129903,28.1448736,0
          85.312921,28.1447632,0
          85.3128735,28.1446409,0
          85.3128521,28.1445058,0
          85.3128612,28.144357,0
          85.3129926,28.1434204,0
          85.3130287,28.1429048,0
          85.3130252,28.1427774,0
          85.3129957,28.1425949,0
          85.3129326,28.141955,0
          85.3128555,28.1416831,0
          85.3127933,28.1415606,0
          85.312711,28.1414526,0
          85.3126147,28.1413619,0
          85.3125138,28.141288,0
          85.3124101,28.14123,0
          85.3122014,28.1411581,0
          85.3120029,28.1411397,0
          85.3118292,28.1411678,0
          85.3116654,28.1412484,0
          85.3106353,28.1419047,0
          85.3103448,28.1420738,0
          85.3102541,28.1421148,0
          85.3100296,28.142174,0
          85.3098638,28.1421917,0
          85.309779,28.1421898,0
          85.3096104,28.1421572,0
          85.3094494,28.142077,0
          85.3076233,28.1407319,0
          85.3075203,28.1406605,0
          85.3060828,28.1393561,0
          85.3046923,28.1375475,0
          85.3033364,28.1350049,0
          85.3028335,28.1346139,0
          85.3026186,28.1345063,0
          85.3025608,28.1344347,0
          85.302528,28.1343363,0
          85.3026272,28.1340357,0
          85.3026116,28.1338612,0
          85.3023343,28.1336234,0
          85.3011448,28.1326205,0
          85.3009424,28.132384,0
          85.3006023,28.1315057,0
          85.3004252,28.1313217,0
          85.3004022,28.1311802,0
          85.3005091,28.1310402,0
          85.3006002,28.1309499,0
          85.3006023,28.1308019,0
          85.3004923,28.1305231,0
          85.3004513,28.1303875,0
          85.300565,28.1301279,0
          85.3005771,28.1299159,0
          85.3004577,28.1297003,0
          85.3002729,28.1294918,0
          85.2999343,28.1291096,0
          85.2987956,28.128339,0
          85.2985606,28.128045,0
          85.2981267,28.1275022,0
          85.2980461,28.1273133,0
          85.297939,28.1271264,0
          85.297776,28.1268183,0
          85.2976758,28.126656,0
          85.2975361,28.1264958,0
          85.2974126,28.1264198,0
          85.2972566,28.1263849,0
          85.2970656,28.1263582,0
          85.2969701,28.1263027,0
          85.2968653,28.1261918,0
          85.2967465,28.1260439,0
          85.29653,28.1258714,0
          85.2963134,28.1257605,0
          85.2960409,28.1256619,0
          85.2956962,28.1255366,0
          85.2954237,28.1254298,0
          85.2952048,28.1253189,0
          85.2949579,28.1251546,0
          85.294555,28.1248423,0
          85.2942219,28.124561,0
          85.2940403,28.1243638,0
          85.2937911,28.1240926,0
          85.2935815,28.1237784,0
          85.2934114,28.1234415,0
          85.2932717,28.1231909,0
          85.2931506,28.1230492,0
          85.2929876,28.1229054,0
          85.2928595,28.1228356,0
          85.2926592,28.1227493,0
          85.2923378,28.122624,0
          85.292198,28.1225521,0
          85.2920117,28.1224761,0
          85.2918394,28.1224453,0
          85.2916135,28.1224268,0
          85.2914085,28.1223139,0
          85.2912571,28.1221927,0
          85.2911081,28.1219667,0
          85.2909078,28.1216216,0
          85.2907401,28.1213094,0
          85.2905375,28.1210506,0
          85.290265,28.1208349,0
          85.2900134,28.1206809,0
          85.2898318,28.1205885,0
          85.2895243,28.1204775,0
          85.2893194,28.1204303,0
          85.2890725,28.1203153,0
          85.2889561,28.1202043,0
          85.2887092,28.1198921,0
          85.2885066,28.1195573,0
          85.2882807,28.1191711,0
          85.2881246,28.118937,0
          85.2879104,28.1187131,0
          85.2876425,28.1185241,0
          85.2874981,28.118446,0
          85.2873188,28.1183741,0
          85.2871348,28.1183207,0
          85.2869601,28.1182529,0
          85.2867039,28.1181749,0
          85.2864757,28.1180886,0
          85.2860518,28.1179428,0
          85.2856885,28.1177641,0
          85.2853322,28.1175566,0
          85.285069,28.1174005,0
          85.2849223,28.1173101,0
          85.2847359,28.1172033,0
          85.2845403,28.1170924,0
          85.2843796,28.1170431,0
          85.2841607,28.1169876,0
          85.284014,28.1169095,0
          85.2839242,28.1168138,0
          85.2838113,28.1166898,0
          85.2837089,28.1165829,0
          85.2835295,28.1164946,0
          85.283257,28.1164083,0
          85.2830544,28.1163241,0
          85.2828891,28.1162214,0
          85.2826966,28.1159926,0
          85.282649,28.1158854,0
          85.2826793,28.1149703,0
          85.28257,28.1154264,0
          85.2824792,28.1151409,0
          85.282393,28.1148821,0
          85.2822858,28.114652,0
          85.2821065,28.1143583,0
          85.2818759,28.1140296,0
          85.2815569,28.1136968,0
          85.2812122,28.1132819,0
          85.2809816,28.1130682,0
          85.2806858,28.1128238,0
          85.2803481,28.1125136,0
          85.2801618,28.1123493,0
          85.2800011,28.1122568,0
          85.2798241,28.1121911,0
          85.2796285,28.1121007,0
          85.2795004,28.1119877,0
          85.2793723,28.1118829,0
          85.2792838,28.1117638,0
          85.2791394,28.1115399,0
          85.2790392,28.1114002,0
          85.2789344,28.1112441,0
          85.2788483,28.1111229,0
          85.2787365,28.1110243,0
          85.2786375,28.1109493,0
          85.278556,28.1109133,0
          85.2784803,28.1108907,0
          85.2783906,28.1108753,0
          85.2783206,28.1108658,0
          85.2783029,28.110867,0
          85.2779896,28.1108789,0
          85.2777818,28.1108758,0
          85.2776119,28.1108567,0
          85.277558,28.1108387,0
          85.2775193,28.1108038,0
          85.2774506,28.1106691,0
          85.2773171,28.1102092,0
          85.2772736,28.1100911,0
          85.2771837,28.1099484,0
          85.2770519,28.1097828,0
          85.2769504,28.1096898,0
          85.2768976,28.1096554,0
          85.2764147,28.1094724,0
          85.2762238,28.1093779,0
          85.2760758,28.1092741,0
          85.2759983,28.109169,0
          85.2759175,28.1089796,0
          85.2758784,28.1089306,0
          85.2758092,28.108894,0
          85.2756373,28.1088534,0
          85.27561,28.1088284,0
          85.2755813,28.1087398,0
          85.2755568,28.1085638,0
          85.2755101,28.108477,0
          85.2754473,28.1084379,0
          85.2754083,28.1084307,0
          85.2751765,28.1084419,0
          85.2750815,28.1084221,0
          85.2750367,28.1083971,0
          85.2749796,28.1083366,0
          85.2749267,28.1081049,0
          85.2748489,28.1079807,0
          85.2746771,28.1077927,0
          85.2744599,28.1076149,0
          85.2740853,28.107395,0
          85.2738132,28.1072704,0
          85.2736109,28.1072039,0
          85.2735078,28.1071811,0
          85.2730324,28.1071235,0
          85.2728981,28.1070958,0
          85.2727514,28.1070438,0
          85.2726745,28.1070058,0
          85.2726016,28.1069612,0
          85.2724709,28.1068594,0
          85.2723211,28.1067038,0
          85.2722418,28.1065896,0
          85.2718936,28.1057988,0
          85.2717537,28.1055297,0
          85.2716827,28.1054544,0
          85.2714004,28.1052333,0
          85.2713191,28.1051558,0
          85.2711876,28.1049874,0
          85.2710554,28.1046086,0
          85.2709716,28.1042902,0
          85.2709017,28.1041608,0
          85.2708132,28.1040786,0
          85.2706991,28.1040129,0
          85.2705617,28.1039595,0
          85.2703148,28.1039081,0
          85.2701239,28.1038999,0
          85.2700097,28.1038382,0
          85.2699189,28.1037602,0
          85.2697792,28.1036636,0
          85.2695416,28.1035671,0
          85.2693227,28.1034787,0
          85.2691876,28.1033924,0
          85.2691084,28.1032918,0
          85.2690059,28.1030452,0
          85.268964,28.1028973,0
          85.2689058,28.1027371,0
          85.2688382,28.1026303,0
          85.2686659,28.1024577,0
          85.2685471,28.1024043,0
          85.2683864,28.1023467,0
          85.2682281,28.1023098,0
          85.2680441,28.1022995,0
          85.2678484,28.1023077,0
          85.2676924,28.1023406,0
          85.2675573,28.1024043,0
          85.2674292,28.1024454,0
          85.2673244,28.1024659,0
          85.2672382,28.1024721,0
          85.2671451,28.1024556,0
          85.2670705,28.1024392,0
          85.2669657,28.1023714,0
          85.2668516,28.102244,0
          85.2666932,28.1020653,0
          85.2666187,28.1019831,0
          85.2665442,28.101866,0
          85.266458,28.1016667,0
          85.2664231,28.1015435,0
          85.2663765,28.1014572,0
          85.2662973,28.1013914,0
          85.266118,28.101336,0
          85.265948,28.1013298,0
          85.2658851,28.1013072,0
          85.2658315,28.101262,0
          85.2657919,28.1011922,0
          85.2657337,28.1010874,0
          85.2656336,28.1009497,0
          85.2654752,28.1007731,0
          85.2653378,28.1006436,0
          85.2651491,28.1004854,0
          85.2649512,28.1003334,0
          85.2646717,28.1000376,0
          85.2645063,28.0998835,0
          85.2643806,28.0997376,0
          85.2642781,28.099565,0
          85.2641826,28.0993514,0
          85.26415,28.0992445,0
          85.2641197,28.0991213,0
          85.2640731,28.0989446,0
          85.2640103,28.0988603,0
          85.2639357,28.0987535,0
          85.2638412,28.0985804,0
          85.263796,28.0984994,0
          85.2636236,28.0982871,0
          85.2635118,28.0981721,0
          85.2634415,28.0981075,0
          85.2633208,28.0979986,0
          85.2631183,28.0978484,0
          85.2629252,28.097749,0
          85.2626368,28.0976153,0
          85.2621326,28.0973728,0
          85.2619649,28.0972486,0
          85.2618442,28.0971457,0
          85.2616981,28.09698,0
          85.2614956,28.0967434,0
          85.2612582,28.0964654,0
          85.2610731,28.0962726,0
          85.2608424,28.0960958,0
          85.2603355,28.0958952,0
          85.2595496,28.0956775,0
          85.2585974,28.095474,0
          85.2577016,28.0953604,0
          85.2568969,28.0952326,0
          85.2562344,28.0951404,0
          85.2556095,28.0950292,0
          85.2548853,28.094763,0
          85.2545017,28.0945701,0
          85.2539545,28.0942389,0
          85.2533323,28.0938035,0
          85.2526204,28.0933609,0
          85.2520609,28.0931078,0
          85.2514654,28.092928,0
          85.2496684,28.0927245,0
          85.2488476,28.0926724,0
          85.2479571,28.0926535,0
          85.2469218,28.0926109,0
          85.2458408,28.0925423,0
          85.2448887,28.0924855,0
          85.2441671,28.0924902,0
          85.2436924,28.0925115,0
          85.2432471,28.0924784,0
          85.2428582,28.0924074,0
          85.2423245,28.0922394,0
          85.2420455,28.0921116,0
          85.2417746,28.0919744,0
          85.2415118,28.091752,0
          85.2411523,28.0915627,0
          85.2407715,28.0914609,0
          85.2400419,28.0913923,0
          85.2386606,28.0913757,0
          85.2376977,28.0913119,0
          85.2370325,28.0912101,0
          85.2362573,28.0909711,0
          85.2335697,28.0900483,0
          85.2328482,28.0897856,0
          85.2321884,28.0895537,0
          85.2318826,28.0894449,0
          85.2316385,28.0893289,0
          85.2314079,28.0891657,0
          85.2311799,28.0889906,0
          85.2309975,28.0887681,0
          85.2307078,28.0883233,0
          85.2302411,28.0878145,0
          85.2297851,28.0874548,0
          85.2296993,28.0873554,0
          85.2295572,28.0869816,0
          85.2294552,28.0867899,0
          85.2293506,28.0866384,0
          85.2292433,28.0864894,0
          85.2291092,28.0863616,0
          85.2290288,28.0862764,0
          85.2289805,28.0861675,0
          85.2289376,28.0858528,0
          85.2289,28.0856777,0
          85.2288651,28.0855144,0
          85.2288142,28.0854292,0
          85.2287284,28.0853417,0
          85.2286211,28.0852683,0
          85.2284548,28.0851902,0
          85.2283153,28.0851571,0
          85.2277037,28.0850553,0
          85.2272156,28.0849252,0
          85.2267998,28.0847856,0
          85.2264807,28.0846436,0
          85.2260971,28.0844306,0
          85.2258664,28.0843241,0
          85.2252373,28.0840919,0
          85.225103,28.0840315,0
          85.2247698,28.0838421,0
          85.2246353,28.0837657,0
          85.2243215,28.0835503,0
          85.223954,28.0833089,0
          85.2235249,28.0830841,0
          85.2230926,28.0829039,0
          85.2223416,28.082637,0
          85.2221988,28.082578,0
          85.2220567,28.0824796,0
          85.2219611,28.08236,0
          85.221878,28.0822417,0
          85.2217734,28.0820476,0
          85.2216715,28.0819033,0
          85.2215543,28.0817885,0
          85.2212289,28.0816004,0
          85.2207836,28.081385,0
          85.2203652,28.0812217,0
          85.2197295,28.0810135,0
          85.2194023,28.0808904,0
          85.2191448,28.0807461,0
          85.2189866,28.0806065,0
          85.2188015,28.0803958,0
          85.2186674,28.0802278,0
          85.218485,28.080003,0
          85.2183589,28.0798563,0
          85.2182028,28.0797126,0
          85.2179007,28.0794701,0
          85.2178874,28.0794598,0
          85.2177782,28.079389,0
          85.2176865,28.0793173,0
          85.2175483,28.0791764,0
          85.2174587,28.0790475,0
          85.2173282,28.0788018,0
          85.2171469,28.0785771,0
          85.2169583,28.0783928,0
          85.2166371,28.0781825,0
          85.21653,28.0780994,0
          85.216492,28.0780575,0
          85.2164061,28.0778896,0
          85.2163146,28.0777831,0
          85.2162355,28.0777331,0
          85.2159512,28.0776624,0
          85.2157672,28.0775736,0
          85.2157047,28.0775321,0
          85.2152953,28.0771988,0
          85.215087,28.0770532,0
          85.2150142,28.0770023,0
          85.214582,28.0767799,0
          85.2135014,28.0762876,0
          85.2128995,28.0759548,0
          85.212885,28.0759468,0
          85.2125144,28.0757196,0
          85.2116963,28.0751283,0
          85.2114714,28.0749819,0
          85.2112937,28.0749158,0
          85.2109564,28.0748422,0
          85.2107155,28.0748141,0
          85.2102698,28.0747973,0
          85.2100557,28.0747645,0
          85.2098524,28.0747062,0
          85.2097574,28.0746671,0
          85.2095853,28.0745681,0
          85.2095103,28.0745079,0
          85.2093513,28.0743434,0
          85.209173,28.0741294,0
          85.2088511,28.0736956,0
          85.2087539,28.073547,0
          85.2086393,28.0733444,0
          85.2085087,28.0730607,0
          85.2083926,28.0726968,0
          85.2083212,28.0722852,0
          85.2082993,28.0719323,0
          85.2083087,28.071507,0
          85.2083079,28.0710515,0
          85.2082934,28.0708966,0
          85.2082658,28.0707591,0
          85.208206,28.0706033,0
          85.2081573,28.0705066,0
          85.2080204,28.0702899,0
          85.2079313,28.0701756,0
          85.2077101,28.0699496,0
          85.2075772,28.0698437,0
          85.2074289,28.0697462,0
          85.2071282,28.0695832,0
          85.2069395,28.0694888,0
          85.2067316,28.0694107,0
          85.2062065,28.0692415,0
          85.205922,28.069134,0
          85.2055355,28.0689646,0
          85.2054226,28.0689036,0
          85.20536,28.0688574,0
          85.2052825,28.0687782,0
          85.2052399,28.0687121,0
          85.2052032,28.0686301,0
          85.2051725,28.068525,0
          85.2051543,28.0683858,0
          85.2051172,28.0677943,0
          85.2051226,28.0673492,0
          85.2051635,28.0670106,0
          85.2053128,28.0665505,0
          85.2054647,28.0661623,0
          85.2055031,28.0660866,0
          85.2055859,28.0659645,0
          85.2058706,28.0656197,0
          85.2062253,28.0652287,0
          85.2063101,28.0650963,0
          85.2063549,28.0650264,0
          85.2065984,28.0646015,0
          85.2068474,28.0641391,0
          85.2072168,28.0633692,0
          85.2074316,28.0628702,0
          85.2075072,28.0626323,0
          85.2076549,28.0621671,0
          85.2077493,28.0618632,0
          85.2077916,28.0616979,0
          85.2078792,28.0613246,0
          85.2079306,28.0609033,0
          85.2079608,28.0606393,0
          85.207994,28.060362,0
          85.2080756,28.0600847,0
          85.2081844,28.0597941,0
          85.2083234,28.0595488,0
          85.208408,28.0592955,0
          85.2085168,28.0587142,0
          85.2085863,28.0582822,0
          85.2086558,28.0579702,0
          85.208692,28.0577089,0
          85.208695,28.0575089,0
          85.2087068,28.0571865,0
          85.2087162,28.0565863,0
          85.2087378,28.0562124,0
          85.2087494,28.0560504,0
          85.2087222,28.055885,0
          85.2086739,28.0557037,0
          85.2085681,28.0554584,0
          85.2082781,28.0549837,0
          85.2080847,28.0547011,0
          85.207997,28.0545731,0
          85.2076496,28.0540211,0
          85.207157,28.0532291,0
          85.2069093,28.0528212,0
          85.2068126,28.0526692,0
          85.2066675,28.0524638,0
          85.20645,28.0522212,0
          85.2062838,28.0521145,0
          85.2061267,28.0520398,0
          85.2056463,28.0518932,0
          85.2054106,28.0518238,0
          85.2052051,28.0516798,0
          85.2050208,28.0515385,0
          85.2045947,28.0512052,0
          85.2042291,28.0508985,0
          85.2037517,28.0505172,0
          85.2029389,28.0499652,0
          85.2028271,28.0498452,0
          85.2026967,28.0496576,0
          85.2026696,28.0496102,0
          85.2025417,28.0493866,0
          85.2024978,28.0491465,0
          85.2024796,28.0489492,0
          85.2024736,28.0487492,0
          85.2024736,28.0484558,0
          85.2024524,28.0482478,0
          85.2023708,28.0480398,0
          85.2021352,28.0475998,0
          85.2019267,28.0472238,0
          85.2014493,28.0463625,0
          85.2009356,28.0454398,0
          85.2007599,28.045232,0
          85.1992857,28.0442181,0
          85.1977716,28.0432499,0
          85.1967953,28.0424864,0
          85.1954529,28.0415845,0
          85.19519,28.0413915,0
          85.1949513,28.0411465,0
          85.1945624,28.0407156,0
          85.1942271,28.0402777,0
          85.1939119,28.0398303,0
          85.1937269,28.0394136,0
          85.1935284,28.0383258,0
          85.1935297,28.0380452,0
          85.1935311,28.0376558,0
          85.1935525,28.0374581,0
          85.1937336,28.0369598,0
          85.1940259,28.0364389,0
          85.1942298,28.036169,0
          85.1945704,28.0358045,0
          85.1947153,28.035634,0
          85.1948091,28.0353759,0
          85.1948225,28.0349356,0
          85.1948145,28.0344739,0
          85.194793,28.0340857,0
          85.1947609,28.0336193,0
          85.1947099,28.0333044,0
          85.1946214,28.0330866,0
          85.1945516,28.032999,0
          85.1944068,28.0328995,0
          85.1942486,28.0327575,0
          85.1940903,28.0325515,0
          85.1939987,28.032384,0
          85.1939052,28.0321254,0
          85.1937443,28.0316874,0
          85.1934198,28.0309439,0
          85.1929389,28.0299247,0
          85.1926439,28.0295269,0
          85.1924691,28.0293412,0
          85.1923134,28.029158,0
          85.1922369,28.0290109,0
          85.192196,28.0288734,0
          85.1921987,28.0287529,0
          85.1921413,28.0286082,0
          85.1920157,28.0284684,0
          85.1918873,28.0283261,0
          85.1916934,28.0281043,0
          85.1914421,28.0278535,0
          85.1913,28.0277233,0
          85.1911553,28.0275859,0
          85.1909641,28.0274075,0
          85.1907346,28.027176,0
          85.190639,28.0270627,0
          85.1905461,28.0269421,0
          85.1904287,28.0268143,0
          85.190314,28.0266142,0
          85.1902539,28.0264744,0
          85.1902129,28.0263345,0
          85.1901828,28.0261754,0
          85.1901446,28.0260645,0
          85.1900736,28.0259415,0
          85.1900026,28.0258716,0
          85.1898769,28.0258306,0
          85.1897376,28.0258306,0
          85.1895628,28.0258161,0
          85.1893142,28.0257727,0
          85.188981,28.0256787,0
          85.188615,28.0255798,0
          85.1883336,28.0255171,0
          85.1881506,28.0254448,0
          85.1880359,28.0253966,0
          85.1878665,28.0252856,0
          85.1877464,28.0251844,0
          85.1876289,28.0250325,0
          85.1874841,28.0248637,0
          85.1873421,28.024719,0
          85.187129,28.0245695,0
          85.1869078,28.0244345,0
          85.1867876,28.024338,0
          85.1866811,28.0242006,0
          85.1864953,28.0238944,0
          85.1863342,28.0234965,0
          85.1862113,28.0231903,0
          85.1861457,28.0229033,0
          85.1860911,28.0226695,0
          85.1860364,28.0223632,0
          85.1860201,28.021975,0
          85.1860091,28.0217845,0
          85.1860282,28.021541,0
          85.1860665,28.0213023,0
          85.1861348,28.0209526,0
          85.1861949,28.0207452,0
          85.1862768,28.0205933,0
          85.1863664,28.0204707,0
          85.1866975,28.0202172,0
          85.1870252,28.0199543,0
          85.1872602,28.019747,0
          85.1873558,28.0196192,0
          85.1874213,28.0194745,0
          85.1874759,28.0193153,0
          85.1874869,28.0191441,0
          85.1874759,28.0189898,0
          85.187424,28.0186233,0
          85.1873776,28.0184231,0
          85.1873503,28.0182351,0
          85.1873366,28.0178082,0
          85.187312,28.0175116,0
          85.1872902,28.0170511,0
          85.1872957,28.0166966,0
          85.1873066,28.0164772,0
          85.1873011,28.0163445,0
          85.1872875,28.0162457,0
          85.1872274,28.0160745,0
          85.1870799,28.0159201,0
          85.1869624,28.0158285,0
          85.1867931,28.01572,0
          85.1864489,28.0155656,0
          85.1861157,28.0154258,0
          85.1857332,28.0152498,0
          85.1856322,28.0151654,0
          85.1855639,28.0150617,0
          85.1854983,28.0149194,0
          85.1853365,28.0144716,0
          85.1852374,28.0142434,0
          85.1850394,28.013909,0
          85.1848346,28.0135955,0
          85.1846652,28.0133953,0
          85.1844576,28.0131904,0
          85.1843566,28.0130674,0
          85.1842309,28.0128576,0
          85.1841681,28.0127153,0
          85.1840124,28.0123753,0
          85.1838622,28.0120353,0
          85.1837884,28.0118351,0
          85.1837338,28.0115819,0
          85.1837119,28.0113311,0
          85.1836899,28.0110866,0
          85.1836955,28.0107958,0
          85.1837365,28.0101663,0
          85.1837354,28.0098032,0
          85.1835872,28.0088224,0
          85.1835617,28.008307,0
          85.1835699,28.0077765,0
          85.1835999,28.00734,0
          85.1836245,28.0070409,0
          85.1836983,28.0067057,0
          85.1837611,28.006426,0
          85.1837902,28.0063465,0
          85.1838786,28.0061052,0
          85.1839767,28.0058782,0
          85.1840807,28.0056374,0
          85.1841544,28.0053914,0
          85.1842255,28.0051502,0
          85.1842746,28.0047595,0
          85.1842746,28.0045473,0
          85.1842418,28.0043375,0
          85.1842063,28.0041614,0
          85.1841626,28.0039878,0
          85.1841435,28.0038069,0
          85.1841353,28.0036188,0
          85.1841572,28.0033873,0
          85.1841626,28.0031461,0
          85.1841224,28.0029503,0
          85.1840862,28.0028278,0
          85.1840097,28.002671,0
          85.1838731,28.0024033,0
          85.1838048,28.0022007,0
          85.1837791,28.0020026,0
          85.183783,28.0017956,0
          85.1838157,28.0016316,0
          85.1838676,28.0014652,0
          85.1839605,28.0012939,0
          85.1841217,28.0010552,0
          85.1843211,28.0008164,0
          85.1844576,28.0006789,0
          85.184668,28.0003992,0
          85.1847226,28.0002593,0
          85.1847581,28.0001001,0
          85.1847772,27.999912,0
          85.1847909,27.9995985,0
          85.1847936,27.9994272,0
          85.1848346,27.9992584,0
          85.184927,27.9990392,0
          85.185217,27.9986145,0
          85.185509,27.998187,0
          85.1856977,27.9978692,0
          85.1859163,27.997505,0
          85.1860646,27.9972086,0
          85.1861484,27.9970009,0
          85.1861703,27.9968297,0
          85.186132,27.9967091,0
          85.1859927,27.9965379,0
          85.1858671,27.9964438,0
          85.1856049,27.9962653,0
          85.1854656,27.9961351,0
          85.1851269,27.99566,0
          85.1849712,27.9954694,0
          85.1848373,27.9953127,0
          85.1845327,27.9950057,0
          85.1842992,27.9947989,0
          85.1840834,27.9946229,0
          85.1837679,27.9943842,0
          85.1835317,27.9942056,0
          85.183193,27.9939572,0
          85.1828433,27.9936943,0
          85.1826357,27.9935279,0
          85.1824445,27.9933759,0
          85.1822779,27.9932408,0
          85.1822042,27.9931251,0
          85.1821478,27.9930151,0
          85.1821277,27.9928887,0
          85.1821277,27.992785,0
          85.1821523,27.9926379,0
          85.1822147,27.992372,0
          85.1824625,27.9916476,0
          85.1828281,27.9908578,0
          85.1829157,27.9903881,0
          85.1828553,27.9900066,0
          85.1827405,27.9897424,0
          85.1824655,27.9894942,0
          85.1819608,27.9892167,0
          85.1809576,27.9888245,0
          85.1806856,27.9887177,0
          85.1804681,27.9885977,0
          85.18032,27.9884242,0
          85.180184,27.988152,0
          85.1801024,27.9877224,0
          85.1801417,27.9869566,0
          85.1804645,27.9851617,0
          85.1805376,27.9844029,0
          85.180459,27.983549,0
          85.1803623,27.9830499,0
          85.1802747,27.9816623,0
          85.1803804,27.9811633,0
          85.1806705,27.9804481,0
          85.1813414,27.9791405,0
          85.1815317,27.9786895,0
          85.1816768,27.9782278,0
          85.1820318,27.9765961,0
          85.1821724,27.9759381,0
          85.1824625,27.9749667,0
          85.1827193,27.9744169,0
          85.1830306,27.974006,0
          85.1836954,27.9732053,0
          85.1840429,27.972805,0
          85.1844206,27.9721138,0
          85.1843375,27.9713772,0
          85.1838011,27.9706486,0
          85.1835745,27.9705259,0
          85.1828976,27.970247,0
          85.1811918,27.9698733,0
          85.1798073,27.9695149,0
          85.1791136,27.9692761,0
          85.1782122,27.9685196,0
          85.1778288,27.9678993,0
          85.1773658,27.9667154,0
          85.1771155,27.9660609,0
          85.1768812,27.9656057,0
          85.1762602,27.9649438,0
          85.1756392,27.9645875,0
          85.1741328,27.9641031,0
          85.1719738,27.9635426,0
          85.1704379,27.9630308,0
          85.1697648,27.9626298,0
          85.1690728,27.961713,0
          85.1687374,27.9609203,0
          85.1686824,27.9607589,0
          85.1686147,27.9605426,0
          85.1682875,27.9595662,0
          85.1679099,27.9585563,0
          85.1675032,27.9577962,0
          85.1670947,27.9570338,0
          85.1666346,27.9566821,0
          85.1656998,27.956326,0
          85.1641117,27.9557071,0
          85.1632558,27.9555512,0
          85.1624635,27.9552921,0
          85.1619412,27.9548401,0
          85.1618866,27.9544913,0
          85.1622625,27.9538272,0
          85.1625544,27.9531683,0
          85.1626008,27.9524964,0
          85.1624398,27.9502647,0
          85.1625999,27.9490345,0
          85.1628659,27.947379,0
          85.1627308,27.9469735,0
          85.1622463,27.9466233,0
          85.161801,27.9463014,0
          85.1611003,27.9454219,0
          85.1601688,27.9437218,0
          85.1599483,27.9423487,0
          85.1592114,27.9405468,0
          85.1583033,27.939073,0
          85.1571413,27.9376969,0
          85.1561354,27.9362994,0
          85.1557918,27.9355358,0
          85.1556677,27.9351314,0
          85.1555407,27.9346626,0
          85.1553276,27.9340437,0
          85.15528,27.9337759,0
          85.1552937,27.9336297,0
          85.1554392,27.9334816,0
          85.1554876,27.9329836,0
          85.1552412,27.9324458,0
          85.1548091,27.9320262,0
          85.1544661,27.9318483,0
          85.1542915,27.9317982,0
          85.1541099,27.9317732,0
          85.1538698,27.9317822,0
          85.1536567,27.9318226,0
          85.1534774,27.9318645,0
          85.1533518,27.9319169,0
          85.1532213,27.9319745,0
          85.1529035,27.9322668,0
          85.152587,27.9325771,0
          85.1523106,27.9328684,0
          85.1521801,27.9329648,0
          85.1519102,27.9332011,0
          85.1518678,27.9332424,0
          85.1515368,27.933615,0
          85.1512398,27.9339255,0
          85.15114,27.9339796,0
          85.1510516,27.9340036,0
          85.1509382,27.9339896,0
          85.1508589,27.9339555,0
          85.150741,27.9338714,0
          85.1506095,27.9337192,0
          85.1503446,27.9333643,0
          85.150258,27.9332204,0
          85.1501764,27.9330381,0
          85.1500336,27.9327027,0
          85.1499837,27.9325574,0
          85.1499517,27.9324006,0
          85.1499202,27.9322068,0
          85.1499089,27.9320065,0
          85.14989,27.9315582,0
          85.1498703,27.9313475,0
          85.1498411,27.9311532,0
          85.1495471,27.9301652,0
          85.1493974,27.9297254,0
          85.1492734,27.9294425,0
          85.1492151,27.9292902,0
          85.1491171,27.9290659,0
          85.149092,27.9290139,0
          85.1490013,27.9289195,0
          85.1489443,27.9288188,0
          85.1489158,27.9287046,0
          85.1489067,27.9286332,0
          85.1489246,27.9285362,0
          85.1489925,27.9284413,0
          85.1491503,27.928298,0
          85.1493015,27.9282032,0
          85.1494965,27.9280735,0
          85.1497967,27.9278121,0
          85.1500355,27.927574,0
          85.1503072,27.927272,0
          85.1505044,27.9270029,0
          85.1506184,27.9268189,0
          85.1507258,27.926606,0
          85.1508331,27.9263233,0
          85.1509359,27.9260911,0
          85.151015,27.9258974,0
          85.1510742,27.9257019,0
          85.1510983,27.925516,0
          85.1511048,27.9253146,0
          85.151118,27.9251559,0
          85.1511333,27.9249894,0
          85.1511599,27.9248165,0
          85.1511837,27.9246215,0
          85.1512275,27.9244299,0
          85.1512911,27.9241472,0
          85.1513283,27.9239052,0
          85.1513415,27.9237174,0
          85.1513524,27.9233941,0
          85.1513305,27.9231075,0
          85.1512933,27.9229468,0
          85.1512385,27.9227958,0
          85.1511158,27.9226042,0
          85.1509383,27.922335,0
          85.1507893,27.9221705,0
          85.1506469,27.9220717,0
          85.150522,27.9220408,0
          85.1502678,27.9220117,0
          85.150007,27.9219536,0
          85.1498471,27.921911,0
          85.1497074,27.9218874,0
          85.1495359,27.9218491,0
          85.1493541,27.9218162,0
          85.1492423,27.9217813,0
          85.1491043,27.9217155,0
          85.1489553,27.9216342,0
          85.1487493,27.9215199,0
          85.1485477,27.9214076,0
          85.1484184,27.9213379,0
          85.1482541,27.9212566,0
          85.1480328,27.921156,0
          85.1477983,27.9210669,0
          85.1475507,27.9209836,0
          85.1470818,27.920821,0
          85.1469131,27.9207474,0
          85.1466808,27.9206835,0
          85.1465384,27.9206526,0
          85.1463478,27.9206313,0
          85.1461067,27.9206119,0
          85.1457386,27.9205771,0
          85.1454209,27.9205403,0
          85.1451295,27.9205132,0
          85.1447438,27.920488,0
          85.1444984,27.9204802,0
          85.1443253,27.9204744,0
          85.1440689,27.9204628,0
          85.1436899,27.9204512,0
          85.1435409,27.9204551,0
          85.1433941,27.9204357,0
          85.1432494,27.9204144,0
          85.1431136,27.9203544,0
          85.1429712,27.9202382,0
          85.1428024,27.9200892,0
          85.1426534,27.9199827,0
          85.1425351,27.9198646,0
          85.1424124,27.9197058,0
          85.142316,27.9195277,0
          85.1421626,27.9192547,0
          85.1420509,27.9190494,0
          85.1419435,27.9188674,0
          85.1417616,27.9186119,0
          85.1415929,27.9184202,0
          85.1414198,27.9182421,0
          85.1412029,27.9180117,0
          85.1410407,27.9178239,0
          85.1408107,27.9176109,0
          85.1406376,27.9174831,0
          85.140436,27.9173553,0
          85.14023,27.9172372,0
          85.1400284,27.9171501,0
          85.1398553,27.9170668,0
          85.1396712,27.9169971,0
          85.1395288,27.9169661,0
          85.1393163,27.9169371,0
          85.1391278,27.9169158,0
          85.1387578,27.9168768,0
          85.1383127,27.9167977,0
          85.1377937,27.9166871,0
          85.1372521,27.9165897,0
          85.1370177,27.9165344,0
          85.1366715,27.9164434,0
          85.1362245,27.9163136,0
          85.1357436,27.9161586,0
          85.1349421,27.9157659,0
          85.1346147,27.9156073,0
          85.1343171,27.9152245,0
          85.1340893,27.9148461,0
          85.1341454,27.9143144,0
          85.1343647,27.9140722,0
          85.1353721,27.9134195,0
          85.1368273,27.9119598,0
          85.1380735,27.9106469,0
          85.1388693,27.909243,0
          85.1389519,27.9082467,0
          85.1391003,27.907109,0
          85.1394667,27.9061918,0
          85.1404189,27.9051783,0
          85.1407752,27.9045613,0
          85.1408902,27.9039971,0
          85.1408483,27.9033029,0
          85.1404405,27.9021052,0
          85.1397067,27.9014617,0
          85.1390163,27.9011428,0
          85.1377349,27.9007992,0
          85.1375981,27.9007,0
          85.1368283,27.9001413,0
          85.1368283,27.8988942,0
          85.1366889,27.8977033,0
          85.1361431,27.8965168,0
          85.1356472,27.8952278,0
          85.1356817,27.8943852,0
          85.1358053,27.8934901,0
          85.135968,27.8929627,0
          85.1362578,27.8925964,0
          85.1370751,27.8903307,0
          85.1370587,27.8889861,0
          85.1365971,27.8885493,0
          85.1347459,27.8875487,0
          85.1333809,27.886455,0
          85.1306813,27.8847034,0
          85.1283089,27.8830621,0
          85.1267201,27.8814258,0
          85.1261662,27.8805913,0
          85.1257623,27.8793385,0
          85.1256703,27.8787953,0
          85.1257916,27.8779849,0
          85.1260431,27.8770859,0
          85.1260598,27.8763234,0
          85.1259112,27.8756894,0
          85.1256596,27.875053,0
          85.1253431,27.8746475,0
          85.1248602,27.8743055,0
          85.1238303,27.873983,0
          85.122178,27.8735468,0
          85.1209335,27.8730346,0
          85.1187662,27.8717448,0
          85.1169802,27.870901,0
          85.1164161,27.870424,0
          85.115634,27.8701067,0
          85.1149192,27.8698582,0
          85.1144042,27.8696471,0
          85.114465,27.8691241,0
          85.1136664,27.8685205,0
          85.1132116,27.8680688,0
          85.1129727,27.8670595,0
          85.1126849,27.8666182,0
          85.1123059,27.866037,0
          85.1118657,27.8651328,0
          85.1116115,27.8646361,0
          85.111024,27.8635196,0
          85.1109144,27.8632629,0
          85.110793,27.8629652,0
          85.1106982,27.8626205,0
          85.1106241,27.862294,0
          85.1105115,27.8619701,0
          85.1103283,27.8618254,0
          85.1092605,27.8613495,0
          85.1083081,27.8606428,0
          85.10774,27.8603403,0
          85.1074103,27.8599187,0
          85.1069278,27.8590962,0
          85.1066615,27.8587405,0
          85.1062434,27.8584955,0
          85.1052065,27.8582518,0
          85.1033789,27.8580888,0
          85.1016784,27.8581636,0
          85.1007253,27.8583827,0
          85.0985341,27.8593734,0
          85.097828,27.8597212,0
          85.0973365,27.8598455,0
          85.0965058,27.8599897,0
          85.0944762,27.8601759,0
          85.0926139,27.8603357,0
          85.0909334,27.8604799,0
          85.0894857,27.8603773,0
          85.0893594,27.8603205,0
          85.0892543,27.8602328,0
          85.0891822,27.8600385,0
          85.0885678,27.857563,0
          85.0884335,27.8573224,0
          85.0882497,27.857136,0
          85.087858,27.8569549,0
          85.0863703,27.8563353,0
          85.0814161,27.8561827,0
          85.0791811,27.8561176,0
          85.0772339,27.8550037,0
          85.0747642,27.8534529,0
          85.0723582,27.8530758,0
          85.0707918,27.8537019,0
          85.0691369,27.854686,0
          85.0676027,27.8557081,0
          85.0656983,27.8565831,0
          85.0636679,27.8574416,0
          85.0629893,27.8578471,0
          85.0625333,27.8583735,0
          85.0617394,27.859398,0
          85.0603661,27.8601354,0
          85.0591859,27.8598153,0
          85.0577965,27.8586913,0
          85.0575605,27.8582099,0
          85.0574961,27.8578495,0
          85.0571989,27.8562394,0
          85.0564045,27.855267,0
          85.0548461,27.8542615,0
          85.0532019,27.8535667,0
          85.0515473,27.8531007,0
          85.0507316,27.8529454,0
          85.0498304,27.8528292,0
          85.0489318,27.8528624,0
          85.0483096,27.8529857,0
          85.0477892,27.8532228,0
          85.0474834,27.8534552,0
          85.0472099,27.8537635,0
          85.0468183,27.8541596,0
          85.0464964,27.8543445,0
          85.0457293,27.8547619,0
          85.0447851,27.8553524,0
          85.0438265,27.8560646,0
          85.0430963,27.8565535,0
          85.0425157,27.8567535,0
          85.0422379,27.8567411,0
          85.0418291,27.8566843,0
          85.0414495,27.8565449,0
          85.0412571,27.856435,0
          85.0397499,27.8555741,0
          85.0378869,27.8543968,0
          85.0374526,27.8542369,0
          85.0361757,27.8537669,0
          85.0347799,27.8537307,0
          85.0340791,27.8537255,0
          85.0335359,27.8538133,0
          85.0329986,27.8540302,0
          85.0325255,27.8542832,0
          85.0321518,27.8544123,0
          85.0318189,27.8543813,0
          85.031521,27.8542626,0
          85.0312582,27.8540095,0
          85.0310538,27.8536739,0
          85.0308552,27.8533693,0
          85.0301894,27.8525431,0
          85.0296054,27.8518047,0
          85.029366,27.8509836,0
          85.0291674,27.8501058,0
          85.029109,27.8494655,0
          85.0289805,27.8487115,0
          85.0287819,27.8483965,0
          85.0285838,27.8481962,0
          85.0262589,27.8467854,0
          85.025342,27.8463103,0
          85.0239579,27.8457216,0
          85.0230001,27.8452827,0
          85.0222408,27.8448024,0
          85.0210786,27.8435785,0
          85.0207749,27.8433823,0
          85.020407,27.8432945,0
          85.0200274,27.8432842,0
          85.0196828,27.8432377,0
          85.0193849,27.8431189,0
          85.0192097,27.8429898,0
          85.0191338,27.8428039,0
          85.019128,27.8425302,0
          85.0192623,27.8419053,0
          85.0194258,27.8412805,0
          85.0199222,27.8402166,0
          85.020553,27.8393181,0
          85.0210786,27.8385641,0
          85.02154,27.8379185,0
          85.0219605,27.8372575,0
          85.0226847,27.8369683,0
          85.0230585,27.8366481,0
          85.0232687,27.8361471,0
          85.0234147,27.8354396,0
          85.023257,27.8346649,0
          85.0231402,27.8337818,0
          85.0229709,27.833162,0
          85.0228949,27.8329658,0
          85.0226672,27.8326559,0
          85.0220131,27.8318967,0
          85.0209151,27.8307346,0
          85.0195348,27.8292612,0
          85.0184888,27.8283124,0
          85.0179094,27.8276388,0
          85.0175929,27.8270126,0
          85.0174051,27.8264955,0
          85.0172442,27.8258503,0
          85.0172442,27.8254755,0
          85.0172883,27.8250274,0
          85.0173992,27.8243663,0
          85.0174802,27.8235114,0
          85.0173992,27.8225276,0
          85.0172766,27.8216405,0
          85.0171047,27.8202093,0
          85.0169894,27.8197017,0
          85.0168633,27.8192415,0
          85.01674,27.8189497,0
          85.0165737,27.8187433,0
          85.0163215,27.8184563,0
          85.0157958,27.8178751,0
          85.0154069,27.8173745,0
          85.015144,27.8168242,0
          85.0147694,27.8158787,0
          85.0141597,27.8150165,0
          85.0135079,27.8142194,0
          85.0127918,27.8134223,0
          85.0123975,27.8129099,0
          85.0122043,27.812573,0
          85.0120193,27.8118281,0
          85.0119603,27.8111401,0
          85.0120676,27.810324,0
          85.0123438,27.8098495,0
          85.012832,27.8095719,0
          85.0135696,27.8092516,0
          85.0141382,27.8088697,0
          85.0143287,27.8086229,0
          85.0144708,27.8082434,0
          85.0143716,27.8078756,0
          85.0141382,27.8075459,0
          85.0137815,27.8072849,0
          85.0127086,27.8068056,0
          85.0121748,27.8065969,0
          85.0108274,27.8059833,0
          85.0106379,27.8058993,0
          85.0098494,27.8056645,0
          85.0095946,27.8056028,0
          85.0092566,27.8055862,0
          85.0090286,27.8056597,0
          85.0086048,27.8058424,0
          85.0084653,27.8058258,0
          85.0083286,27.8057523,0
          85.0081193,27.8055221,0
          85.007776,27.8050595,0
          85.0074863,27.8048199,0
          85.0071216,27.8046087,0
          85.0050428,27.8037902,0
          85.0034121,27.8030665,0
          85.0020039,27.8022978,0
          85.0015479,27.8021246,0
          85.001335,27.802167,0
          84.9995792,27.8025161,0
          84.9974763,27.8032706,0
          84.9958777,27.8034319,0
          84.9941397,27.803579,0
          84.9926376,27.8034889,0
          84.9910766,27.8032042,0
          84.9907279,27.8032231,0
          84.9905455,27.8033892,0
          84.9897248,27.8047558,0
          84.9890596,27.8053157,0
          84.9883085,27.805496,0
          84.9876916,27.8055577,0
          84.9868226,27.8054865,0
          84.9860662,27.8052635,0
          84.9853796,27.8048982,0
          84.9845481,27.8043809,0
          84.9833357,27.8033655,0
          84.982059,27.8025683,0
          84.9812221,27.8023453,0
          84.9801278,27.8023168,0
          84.9793178,27.8022077,0
          84.9784219,27.8019419,0
          84.9770915,27.8015054,0
          84.9761146,27.8015517,0
          84.9749889,27.8016053,0
          84.973165,27.8019564,0
          84.972017,27.8024404,0
          84.971786,27.8026462,0
          84.9716844,27.8029719,0
          84.9719204,27.8037785,0
          84.9721084,27.8047261,0
          84.9720731,27.8050002,0
          84.9717915,27.8052778,0
          84.9703699,27.8057878,0
          84.9695911,27.8065847,0
          84.9693078,27.8068483,0
          84.969238,27.8075553,0
          84.9693614,27.8090595,0
          84.9694204,27.8097095,0
          84.9693561,27.8105256,0
          84.969061,27.8112231,0
          84.968664,27.8117783,0
          84.9683422,27.8120914,0
          84.9680257,27.8121341,0
          84.9675536,27.8118399,0
          84.966808,27.811076,0
          84.9662876,27.8106537,0
          84.9657619,27.8105541,0
          84.9653435,27.8106015,0
          84.9650752,27.8109954,0
          84.964664,27.8127573,0
          84.9642278,27.8142263,0
          84.963391,27.8155832,0
          84.9622215,27.8165606,0
          84.9613523,27.8169974,0
          84.9601346,27.8175287,0
          84.9586299,27.8179935,0
          84.9570233,27.817747,0
          84.9559557,27.8174481,0
          84.9552691,27.8171587,0
          84.954164,27.8164185,0
          84.9529248,27.8158207,0
          84.9521765,27.8156143,0
          84.9517286,27.815778,0
          84.9512941,27.8161386,0
          84.950763,27.8167174,0
          84.9502587,27.8168455,0
          84.9496901,27.816753,0
          84.948982,27.816409,0
          84.9483544,27.8162619,0
          84.9477535,27.8161955,0
          84.9471849,27.816001,0
          84.9465841,27.8155218,0
          84.9461067,27.8148101,0
          84.9458384,27.8141648,0
          84.9456561,27.8134104,0
          84.9455005,27.8126181,0
          84.9452162,27.8121317,0
          84.9441969,27.81156,0
          84.9435532,27.8110096,0
          84.943285,27.8104545,0
          84.9431509,27.8099088,0
          84.9430329,27.8091544,0
          84.9428719,27.808827,0
          84.9424106,27.8081959,0
          84.9413714,27.8069589,0
          84.9399681,27.8051074,0
          84.9394799,27.8046604,0
          84.9389869,27.8044435,0
          84.9385267,27.8043952,0
          84.9380708,27.8044948,0
          84.936837,27.8049836,0
          84.9362469,27.805012,0
          84.935689,27.8048222,0
          84.934718,27.8042528,0
          84.9338651,27.8036834,0
          84.9326636,27.8026207,0
          84.9312419,27.8014295,0
          84.9289244,27.8001767,0
          84.9268645,27.7989999,0
          84.925459,27.7982027,0
          84.9247616,27.7978231,0
          84.9238121,27.7974861,0
          84.9232596,27.797415,0
          84.9227554,27.7974482,0
          84.9218434,27.7977519,0
          84.920851,27.7982406,0
          84.9200731,27.7987579,0
          84.9191987,27.7995883,0
          84.9183297,27.8002384,0
          84.9173025,27.8007167,0
          84.9171736,27.8007403,0
          84.9161814,27.8009148,0
          84.9151969,27.8013535,0
          84.9146551,27.8017901,0
          84.91436,27.8024402,0
          84.9143064,27.8030381,0
          84.9142474,27.8039824,0
          84.9139684,27.8045968,0
          84.9135768,27.8049717,0
          84.9131289,27.8051378,0
          84.9126193,27.8052066,0
          84.9120721,27.8051235,0
          84.9113694,27.8049171,0
          84.908765,27.8041769,0
          84.9075901,27.8040345,0
          84.9071851,27.8041413,0
          84.9070376,27.8043904,0
          84.9070778,27.8048483,0
          84.9073943,27.806101,0
          84.9073514,27.8068863,0
          84.9070162,27.8074367,0
          84.9064261,27.8078139,0
          84.9057367,27.8079776,0
          84.9052432,27.8079302,0
          84.9042267,27.807534,0
          84.9027997,27.8069456,0
          84.9016967,27.80639,0
          84.9002168,27.8059397,0
          84.8998375,27.8059046,0
          84.8995033,27.8059587,0
          84.898366,27.8064664,0
          84.8969445,27.8070666,0
          84.8958206,27.8075791,0
          84.8945224,27.807897,0
          84.8931599,27.8081532,0
          84.8919958,27.8083335,0
          84.8912662,27.8086016,0
          84.8906627,27.8089788,0
          84.8898956,27.8092588,0
          84.888989,27.8093821,0
          84.8878249,27.8094794,0
          84.886744,27.8094153,0
          84.8859957,27.8091496,0
          84.8854029,27.8087534,0
          84.8847243,27.808324,0
          84.8838767,27.8081888,0
          84.8831686,27.8083999,0
          84.8826519,27.8087317,0
          84.8823291,27.8092635,0
          84.881722,27.8097374,0
          84.8811462,27.8097807,0
          84.8806956,27.8096597,0
          84.8799302,27.8091548,0
          84.8778874,27.8085186,0
          84.8761868,27.8081816,0
          84.8735851,27.8078211,0
          84.8723674,27.8073655,0
          84.8715198,27.8069053,0
          84.8713803,27.8064023,0
          84.8714983,27.8059136,0
          84.8721957,27.8051117,0
          84.8727804,27.8043477,0
          84.8727643,27.8038115,0
          84.8721582,27.8032801,0
          84.870286,27.8023595,0
          84.8689341,27.8019609,0
          84.8669815,27.8015955,0
          84.8653293,27.8014959,0
          84.8645943,27.801624,0
          84.8641598,27.8019609,0
          84.8631138,27.8034224,0
          84.8620516,27.8053774,0
          84.8610324,27.8065115,0
          84.8599112,27.8071758,0
          84.8584199,27.807451,0
          84.8554051,27.8075221,0
          84.8542196,27.8077404,0
          84.8516017,27.8085897,0
          84.8499012,27.8086609,0
          84.8492521,27.8083857,0
          84.8487693,27.8077831,0
          84.8485655,27.8069717,0
          84.8486137,27.8056241,0
          84.8484755,27.804823,0
          84.8482882,27.8044273,0
          84.8478906,27.8041079,0
          84.8456901,27.8030903,0
          84.8430723,27.8020606,0
          84.8414308,27.8018328,0
          84.8399019,27.8020558,0
          84.8387915,27.8028245,0
          84.8381209,27.8038922,0
          84.8379707,27.8048649,0
          84.8380405,27.8054865,0
          84.8383355,27.8063027,0
          84.8383462,27.8065874,0
          84.8382121,27.8068768,0
          84.837714,27.8072186,0
          84.8371792,27.8075089,0
          84.836823,27.8080076,0
          84.8364168,27.8085771,0
          84.835644,27.8093066,0
          84.8353458,27.8099999,0
          84.8353743,27.8110286,0
          84.8352992,27.8128079,0
          84.83531,27.8135433,0
          84.8352349,27.8140581,0
          84.8347896,27.8145539,0
          84.8334914,27.8160342,0
          84.8323274,27.8171207,0
          84.8312116,27.8178988,0
          84.8301548,27.8184587,0
          84.8283362,27.8190517,0
          84.8268771,27.8192605,0
          84.8255414,27.819047,0
          84.8242485,27.8183258,0
          84.8233956,27.8175904,0
          84.8228002,27.8165324,0
          84.8224622,27.8154696,0
          84.8222423,27.8141553,0
          84.8220116,27.8132301,0
          84.8219365,27.8123713,0
          84.8219794,27.8117166,0
          84.8222798,27.810891,0
          84.8227197,27.8099942,0
          84.8229289,27.8092967,0
          84.8228699,27.8088839,0
          84.8222154,27.808362,0
          84.8216361,27.8080014,0
          84.820767,27.8076929,0
          84.8198873,27.8076265,0
          84.8188412,27.8076882,0
          84.8183316,27.8078353,0
          84.817809,27.8081133,0
          84.8173333,27.8086091,0
          84.8171836,27.8089314,0
          84.8168296,27.8100179,0
          84.8167813,27.8111567,0
          84.8167384,27.8120629,0
          84.8164916,27.812713,0
          84.8162827,27.8130524,0
          84.8155743,27.8136477,0
          84.8147106,27.8139561,0
          84.8131388,27.8142028,0
          84.8121464,27.8144637,0
          84.8110145,27.8148955,0
          84.8103386,27.8154981,0
          84.8099256,27.8162382,0
          84.8095086,27.8171104,0
          84.8091343,27.8174077,0
          84.8086944,27.8176592,0
          84.8082763,27.8177214,0
          84.80771,27.8177233,0
          84.8071039,27.8176307,0
          84.8059076,27.817263,0
          84.8045004,27.8167824,0
          84.8037956,27.8166437,0
          84.8034578,27.8164641,0
          84.8020579,27.8156028,0
          84.8013747,27.814867,0
          84.8008816,27.8145983,0
          84.800061,27.8145592,0
          84.7986145,27.814592,0
          84.7960693,27.8140652,0
          84.7936963,27.81304,0
          84.7928427,27.8127676,0
          84.7922427,27.8126573,0
          84.7915863,27.8126297,0
          84.7909652,27.8127384,0
          84.7904672,27.8129434,0
          84.790045,27.813363,0
          84.7893297,27.8142914,0
          84.7889239,27.8146085,0
          84.7882843,27.814771,0
          84.7875253,27.8147143,0
          84.783853,27.8140717,0
          84.7829479,27.8139134,0
          84.7814727,27.8134816,0
          84.7798848,27.8129502,0
          84.7793269,27.8127035,0
          84.7789139,27.8124188,0
          84.7772187,27.8107107,0
          84.7755611,27.8091307,0
          84.7749013,27.8086846,0
          84.7743648,27.8086087,0
          84.7738123,27.8086087,0
          84.773308,27.8087416,0
          84.7727179,27.8089503,0
          84.7718382,27.8094248,0
          84.7712105,27.8097949,0
          84.7707009,27.8100464,0
          84.7697782,27.810649,0
          84.7691292,27.8111899,0
          84.768759,27.8116834,0
          84.7686249,27.8120107,0
          84.7685659,27.8123144,0
          84.7686249,27.8126655,0
          84.7689253,27.8133013,0
          84.7693813,27.8139513,0
          84.7695851,27.81444,0
          84.7696871,27.8147437,0
          84.7696227,27.8150758,0
          84.7694725,27.8153652,0
          84.7688609,27.8159014,0
          84.768185,27.8164328,0
          84.7670532,27.8171277,0
          84.7660215,27.8178936,0
          84.7654709,27.8182765,0
          84.7646691,27.8185838,0
          84.7637443,27.8186264,0
          84.7628997,27.8185129,0
          84.7619963,27.8182174,0
          84.7614778,27.8178841,0
          84.7606279,27.8170946,0
          84.7597352,27.8163287,0
          84.7593075,27.8159032,0
          84.7586019,27.8155107,0
          84.7581315,27.8152176,0
          84.7573885,27.814655,0
          84.757025,27.8141302,0
          84.7568432,27.8133312,0
          84.7568165,27.8127638,0
          84.7568967,27.8113927,0
          84.7568753,27.8105558,0
          84.7567524,27.8096858,0
          84.7564156,27.8090239,0
          84.7558329,27.8083808,0
          84.7551754,27.8077851,0
          84.7535023,27.8064635,0
          84.7527592,27.8059174,0
          84.7520723,27.8055108,0
          84.7513908,27.805246,0
          84.7508803,27.8050923,0
          84.7503035,27.8050698,0
          84.7497043,27.8052507,0
          84.749135,27.8054399,0
          84.748547,27.8056219,0
          84.7477719,27.8058134,0
          84.7472239,27.8058938,0
          84.7468578,27.8058441,0
          84.7465183,27.8056621,0
          84.7461254,27.8053713,0
          84.7458635,27.8050687,0
          84.7456524,27.8048748,0
          84.7451793,27.8046053,0
          84.7447463,27.8043902,0
          84.7443053,27.8043334,0
          84.7438456,27.8042909,0
          84.7430918,27.8043216,0
          84.7422606,27.8044044,0
          84.7411808,27.8044611,0
          84.740379,27.8045131,0
          84.7398311,27.8045037,0
          84.7394007,27.8044587,0
          84.7387566,27.8042389,0
          84.738222,27.8038464,0
          84.7378158,27.8034658,0
          84.737463,27.8028511,0
          84.7372518,27.8024019,0
          84.7370808,27.8019929,0
          84.7370246,27.8014633,0
          84.7370861,27.8010259,0
          84.7370918,27.8009997,0
          84.7372091,27.8004656,0
          84.7372331,27.7999809,0
          84.7372545,27.7993851,0
          84.7371636,27.7990895,0
          84.7368857,27.798846,0
          84.7366157,27.7986427,0
          84.7360999,27.7983661,0
          84.7353595,27.7982077,0
          84.7347662,27.798054,0
          84.7342343,27.7978554,0
          84.7337532,27.797444,0
          84.7334966,27.7971484,0
          84.7331266,27.7966284,0
          84.7328043,27.7962689,0
          84.7325184,27.7960537,0
          84.7319712,27.7957742,0
          84.7314519,27.7956671,0
          84.7310765,27.7956395,0
          84.730676,27.7956505,0
          84.7302985,27.7957096,0
          84.7299461,27.7958184,0
          84.7296791,27.7960398,0
          84.7295122,27.7962096,0
          84.729312,27.7964882,0
          84.7290868,27.7968608,0
          84.7289867,27.7972114,0
          84.728874,27.7975767,0
          84.7287698,27.7980527,0
          84.7285445,27.7987796,0
          84.7283234,27.7992482,0
          84.7280148,27.7996393,0
          84.7277395,27.7999382,0
          84.7274058,27.8001522,0
          84.726997,27.8003072,0
          84.7264672,27.800429,0
          84.7259875,27.8005692,0
          84.7255495,27.8007315,0
          84.7249489,27.8009049,0
          84.7242731,27.8010673,0
          84.7233638,27.8011005,0
          84.7225796,27.8011522,0
          84.7218413,27.8013108,0
          84.7213074,27.8015174,0
          84.7208193,27.8019049,0
          84.7203939,27.8023919,0
          84.7198307,27.8030339,0
          84.7193636,27.8035062,0
          84.7188755,27.8038088,0
          84.7183917,27.8038604,0
          84.7178807,27.8037805,0
          84.717555,27.8036198,0
          84.7174114,27.8031409,0
          84.7170068,27.802617,0
          84.7160724,27.8019196,0
          84.7151673,27.8013256,0
          84.7144289,27.8009271,0
          84.7138825,27.80075,0
          84.7129607,27.8005323,0
          84.7121598,27.8004511,0
          84.7114757,27.8005027,0
          84.7105747,27.8007537,0
          84.7097613,27.8010968,0
          84.7089854,27.8015248,0
          84.7083806,27.8020156,0
          84.7080511,27.8025321,0
          84.7080052,27.8030155,0
          84.708097,27.8037534,0
          84.7082263,27.8047976,0
          84.7082763,27.8058086,0
          84.7081387,27.8064321,0
          84.707976,27.8068232,0
          84.7075589,27.8070999,0
          84.7071209,27.8071737,0
          84.7064493,27.8072955,0
          84.7054601,27.8073288,0
          84.7037964,27.8073766,0
          84.7028829,27.8074135,0
          84.7020111,27.8075353,0
          84.7012311,27.8076644,0
          84.699792,27.8079633,0
          84.6980317,27.8083581,0
          84.6969786,27.8085967,0
          84.6963257,27.8087528,0
          84.6953579,27.8089816,0
          84.6943964,27.8092325,0
          84.6939086,27.8093423,0
          84.6933093,27.8094327,0
          84.6926464,27.8095255,0
          84.6922819,27.8095671,0
          84.6918952,27.8095964,0
          84.6912434,27.8096575,0
          84.6906165,27.8097918,0
          84.6898977,27.8099843,0
          84.6893737,27.8101192,0
          84.6887826,27.8102779,0
          84.6882385,27.8104074,0
          84.6877387,27.8104367,0
          84.6872305,27.8104489,0
          84.6865317,27.8104343,0
          84.6858219,27.8104221,0
          84.685322,27.8104563,0
          84.6847531,27.810554,0
          84.6840129,27.8108374,0
          84.6834468,27.811172,0
          84.6829192,27.8114994,0
          84.6827232,27.811663,0
          84.6825354,27.8118658,0
          84.6822426,27.812093,0
          84.6815908,27.8125669,0
          84.6805441,27.8133266,0
          84.6799144,27.8137418,0
          84.679594,27.8138835,0
          84.6792791,27.8140154,0
          84.6789035,27.8141864,0
          84.6784865,27.8144844,0
          84.6780336,27.8148313,0
          84.6775226,27.8153052,0
          84.6772216,27.8155348,0
          84.6768322,27.8157302,0
          84.6761859,27.8159574,0
          84.675512,27.8161113,0
          84.6746558,27.8163018,0
          84.6737886,27.8165192,0
          84.672648,27.8167708,0
          84.6721011,27.8168978,0
          84.6715653,27.8170053,0
          84.6709246,27.8171104,0
          84.6704689,27.8172129,0
          84.6698861,27.8174426,0
          84.6695299,27.8176331,0
          84.6691846,27.8178016,0
          84.6687731,27.8180215,0
          84.6682898,27.8182511,0
          84.6677816,27.8185931,0
          84.6674833,27.8188422,0
          84.6673093,27.8191133,0
          84.6671768,27.8194553,0
          84.6671602,27.8198852,0
          84.6672071,27.8203469,0
          84.6673756,27.8208745,0
          84.6675109,27.8212091,0
          84.6677098,27.8216146,0
          84.6677706,27.8219101,0
          84.6677236,27.8221446,0
          84.6675054,27.822489,0
          84.6672486,27.8229555,0
          84.6670718,27.8233488,0
          84.6667956,27.8239008,0
          84.6664725,27.8245407,0
          84.6662571,27.824829,0
          84.6658207,27.8252808,0
          84.6651855,27.8259867,0
          84.6648154,27.8262236,0
          84.6643072,27.8264703,0
          84.6639924,27.8266804,0
          84.6637107,27.8268831,0
          84.6633682,27.8272666,0
          84.6630451,27.8275865,0
          84.6626308,27.8278796,0
          84.6622855,27.8281116,0
          84.6618878,27.8282753,0
          84.6615647,27.828522,0
          84.6612968,27.8288346,0
          84.661156,27.8291008,0
          84.6611035,27.8292767,0
          84.661098,27.8296528,0
          84.6611228,27.8299728,0
          84.6611642,27.8304954,0
          84.6612388,27.8309961,0
          84.6613126,27.8314756,0
          84.6614073,27.8318143,0
          84.6617249,27.8326594,0
          84.6621419,27.8335264,0
          84.6623406,27.8338912,0
          84.6627468,27.8345497,0
          84.6629208,27.8348037,0
          84.6631031,27.8352433,0
          84.6631914,27.8356365,0
          84.6632522,27.8359882,0
          84.6633627,27.8368796,0
          84.6634262,27.8376221,0
          84.6634704,27.8383889,0
          84.6635035,27.8386405,0
          84.6641124,27.840263,0
          84.6641099,27.8405169,0
          84.6640775,27.8407568,0
          84.6639946,27.8409759,0
          84.66389,27.8411849,0
          84.6636213,27.8415312,0
          84.6634832,27.841689,0
          84.6632943,27.8419507,0
          84.6622515,27.8440585,0
          84.6617281,27.8453137,0
          84.6613446,27.8465848,0
          84.6609356,27.8481355,0
          84.6604219,27.8492385,0
          84.6599466,27.8500572,0
          84.659261,27.8506491,0
          84.6586998,27.8510449,0
          84.6583217,27.8513304,0
          84.6579321,27.8515873,0
          84.6567765,27.8520067,0
          84.6555243,27.8523313,0
          84.6542087,27.8524286,0
          84.6533713,27.8524075,0
          84.6521997,27.8524997,0
          84.6508685,27.8525334,0
          84.6493311,27.8528069,0
          84.648325,27.8530999,0
          84.6476947,27.8532031,0
          84.6474506,27.853292,0
          84.6472955,27.8533907,0
          84.6471618,27.8535036,0
          84.6469696,27.8537105,0
          84.6469011,27.8539061,0
          84.6468434,27.8541206,0
          84.6467923,27.8545118,0
          84.6467995,27.8547144,0
          84.6468604,27.8549076,0
          84.6471541,27.855405,0
          84.6474907,27.8558455,0
          84.6484489,27.8567436,0
          84.6497409,27.8581824,0
          84.6498373,27.8584428,0
          84.6498694,27.8586369,0
          84.6498412,27.8588061,0
          84.6497809,27.8589659,0
          84.6495829,27.8591668,0
          84.6493956,27.8592824,0
          84.6486618,27.8596472,0
          84.6474832,27.860165,0
          84.6469273,27.8604122,0
          84.6468078,27.8604595,0
          84.6466352,27.8605128,0
          84.6464767,27.8605612,0
          84.6461995,27.8605849,0
          84.6460039,27.8605814,0
          84.6457036,27.8605563,0
          84.6448137,27.8604297,0
          84.6423019,27.8600758,0
          84.6414425,27.8598995,0
          84.6397585,27.8596771,0
          84.6383178,27.8598509,0
          84.6369899,27.8600814,0
          84.6359916,27.8602581,0
          84.6354539,27.8604632,0
          84.6349806,27.8607063,0
          84.6345895,27.8610033,0
          84.6342851,27.8614182,0
          84.6341905,27.861817,0
          84.6339442,27.8629645,0
          84.6334508,27.8668948,0
          84.6331951,27.8690458,0
          84.6331062,27.8692895,0
          84.6329132,27.8694467,0
          84.6327328,27.8695172,0
          84.631559,27.8697344,0
          84.6308676,27.8699409,0
          84.6293441,27.8704431,0
          84.6292029,27.8705093,0
          84.6290778,27.8705944,0
          84.6272739,27.8724279,0
          84.6270647,27.8727345,0
          84.6269306,27.8729936,0
          84.6268716,27.8731627,0
          84.6268448,27.8733317,0
          84.6268915,27.8736063,0
          84.6269784,27.8739402,0
          84.6270736,27.8741282,0
          84.6271688,27.8742688,0
          84.6275121,27.8747704,0
          84.6275757,27.874972,0
          84.627591,27.8750645,0
          84.6275922,27.8752832,0
          84.6274332,27.8762654,0
          84.6274094,27.8766237,0
          84.6274284,27.8769726,0
          84.6273581,27.8776936,0
          84.6273443,27.8777581,0
          84.6273279,27.8778227,0
          84.6272831,27.8779219,0
          84.6272187,27.8780234,0
          84.627098,27.8781296,0
          84.6265669,27.8785412,0
          84.624124,27.8800245,0
          84.6236685,27.8802085,0
          84.6231702,27.880364,0
          84.6212936,27.8807509,0
          84.6204461,27.88085,0
          84.6199982,27.8808996,0
          84.6196147,27.8808922,0
          84.6191463,27.8808083,0
          84.6186619,27.8806105,0
          84.6183685,27.8804308,0
          84.618075,27.8801847,0
          84.617804,27.8798069,0
          84.6172897,27.87895,0
          84.6170539,27.878591,0
          84.6169146,27.878421,0
          84.6167538,27.878251,0
          84.6160354,27.8777418,0
          84.6148405,27.8768679,0
          84.6145536,27.8765937,0
          84.6142452,27.8761583,0
          84.6140735,27.8758319,0
          84.6140092,27.8754961,0
          84.6139707,27.875225,0
          84.6139537,27.8749445,0
          84.613989,27.8735736,0
          84.6139655,27.873376,0
          84.6138786,27.8731753,0
          84.6138006,27.8730379,0
          84.6136581,27.8728982,0
          84.6135747,27.8728439,0
          84.6134913,27.8727943,0
          84.613339,27.872734,0
          84.6129506,27.8726452,0
          84.607919,27.871601,0
          84.6076259,27.8715502,0
          84.6073412,27.8715106,0
          84.6069761,27.8715208,0
          84.6066914,27.8715358,0
          84.6064416,27.8715768,0
          84.6061029,27.8716683,0
          84.605259,27.8720497,0
          84.6050007,27.8722605,0
          84.6044979,27.8727628,0
          84.6041604,27.8733184,0
          84.6038548,27.8743184,0
          84.6036603,27.8748519,0
          84.6033368,27.8753519,0
          84.6032259,27.87552,0
          84.6030988,27.8756692,0
          84.6029752,27.8757759,0
          84.6028329,27.8758708,0
          84.6026631,27.8759532,0
          84.6024959,27.8760214,0
          84.6022845,27.8760907,0
          84.6020436,27.8761411,0
          84.6017938,27.8761791,0
          84.6001798,27.8763171,0
          84.5995842,27.8763496,0
          84.5992784,27.8763492,0
          84.599167,27.8763384,0
          84.5990288,27.8763374,0
          84.5987767,27.8762841,0
          84.5984548,27.8762118,0
          84.5981805,27.8761172,0
          84.597819,27.8760819,0
          84.5974856,27.8760793,0
          84.5971096,27.876097,0
          84.5967275,27.8761525,0
          84.5962004,27.8762817,0
          84.5956181,27.8764686,0
          84.5947802,27.8768709,0
          84.5943511,27.8770926,0
          84.5940225,27.8773202,0
          84.5937529,27.877568,0
          84.593714,27.8776118,0
          84.5928276,27.8785886,0
          84.5923166,27.8791079,0
          84.5917699,27.8795396,0
          84.5913175,27.8797492,0
          84.5908382,27.8799236,0
          84.5903176,27.8800105,0
          84.5899321,27.8799675,0
          84.589412,27.8797533,0
          84.5892388,27.8796461,0
          84.5890918,27.8795072,0
          84.5888616,27.8792016,0
          84.5887071,27.8790148,0
          84.5885966,27.8789444,0
          84.5884277,27.8788828,0
          84.5881346,27.8787919,0
          84.5879489,27.8787435,0
          84.5874806,27.8785922,0
          84.587093,27.8783741,0
          84.5866612,27.8781062,0
          84.5861797,27.8777541,0
          84.5855279,27.877153,0
          84.584958,27.8766113,0
          84.5846897,27.8764062,0
          84.5844148,27.8762438,0
          84.5837846,27.8759376,0
          84.5835683,27.8758288,0
          84.5816722,27.8749101,0
          84.5809792,27.8745553,0
          84.580818,27.8744727,0
          84.5805323,27.8743126,0
          84.5804036,27.8742213,0
          84.5798323,27.8736997,0
          84.5792046,27.8730429,0
          84.5786239,27.8725177,0
          84.5779641,27.8721514,0
          84.5776141,27.8719285,0
          84.5774477,27.8717586,0
          84.5773727,27.8715788,0
          84.5771715,27.8710382,0
          84.5769717,27.870692,0
          84.5768604,27.8704751,0
          84.5767799,27.8701147,0
          84.5767491,27.8698467,0
          84.576733,27.8696511,0
          84.5766887,27.8692101,0
          84.5766672,27.8688829,0
          84.5766914,27.8687145,0
          84.576741,27.8685651,0
          84.5768175,27.8683731,0
          84.5771916,27.8676131,0
          84.5774344,27.8669883,0
          84.5774987,27.8667476,0
          84.5775537,27.8664702,0
          84.5775658,27.8662639,0
          84.5775524,27.8656178,0
          84.5775256,27.8653569,0
          84.5774665,27.8651068,0
          84.5773237,27.864779,0
          84.5771467,27.8644648,0
          84.57691,27.8641826,0
          84.5767343,27.8640297,0
          84.5765278,27.8638821,0
          84.5754254,27.8631707,0
          84.5748326,27.8627107,0
          84.5744196,27.862381,0
          84.573926,27.8619424,0
          84.5735452,27.8615274,0
          84.5732877,27.8612903,0
          84.5730798,27.8611339,0
          84.5727756,27.8609729,0
          84.5714227,27.8604534,0
          84.5704713,27.8600619,0
          84.5691839,27.8595568,0
          84.5677033,27.8590091,0
          84.566389,27.8586036,0
          84.5655093,27.8584304,0
          84.5645732,27.8583048,0
          84.5638731,27.8582621,0
          84.5630363,27.858255,0
          84.561836,27.8583083,0
          84.5614578,27.8583059,0
          84.5610233,27.8582727,0
          84.5606062,27.8582004,0
          84.5599011,27.858042,0
          84.559447,27.8579112,0
          84.5591951,27.8578386,0
          84.5586213,27.8576953,0
          84.5581225,27.8575412,0
          84.5579132,27.8574013,0
          84.5577764,27.8572305,0
          84.5576155,27.8568227,0
          84.5575404,27.8561634,0
          84.5574734,27.8556298,0
          84.557358,27.8550346,0
          84.5572615,27.8545319,0
          84.557071,27.8535809,0
          84.5569584,27.853045,0
          84.5568725,27.8523146,0
          84.5569181,27.8516719,0
          84.5570737,27.8510055,0
          84.5572749,27.8504458,0
          84.5576075,27.8496822,0
          84.5578811,27.8490608,0
          84.5580769,27.8485652,0
          84.5582083,27.8481074,0
          84.55827,27.8476521,0
          84.5583236,27.8470307,0
          84.5583478,27.8467912,0
          84.5583531,27.8464473,0
          84.5582995,27.845807,0
          84.5581734,27.8449105,0
          84.5579132,27.8439452,0
          84.5576611,27.8432337,0
          84.5574009,27.84224,0
          84.5571864,27.8415119,0
          84.5570952,27.8409711,0
          84.5569664,27.8400651,0
          84.5568457,27.8392231,0
          84.5567679,27.8388081,0
          84.5566419,27.8382673,0
          84.5565131,27.8378214,0
          84.5564112,27.8375795,0
          84.5561832,27.8371905,0
          84.5557809,27.836645,0
          84.5554402,27.8362655,0
          84.555046,27.8359927,0
          84.554531,27.8356749,0
          84.55378,27.8352883,0
          84.5526025,27.8345696,0
          84.5516238,27.8339606,0
          84.5507276,27.8333647,0
          84.5499122,27.8328263,0
          84.5493945,27.8325606,0
          84.5488849,27.8323756,0
          84.5483404,27.8321835,0
          84.5477477,27.8320103,0
          84.5469993,27.8318965,0
          84.5462671,27.8318206,0
          84.5455617,27.8317992,0
          84.5450225,27.8318894,0
          84.5441535,27.8321195,0
          84.5432174,27.8324634,0
          84.5426434,27.8326982,0
          84.541879,27.8331085,0
          84.5416081,27.83322,0
          84.5410797,27.8333671,0
          84.5401812,27.8336043,0
          84.5395401,27.8337442,0
          84.5391405,27.8338083,0
          84.5389232,27.8337916,0
          84.5387864,27.833749,0
          84.5385262,27.8336114,0
          84.5381588,27.833462,0
          84.5379013,27.8333766,0
          84.5377082,27.8333528,0
          84.5372173,27.8333268,0
          84.5363429,27.8332864,0
          84.5347631,27.8332224,0
          84.5339799,27.8331536,0
          84.5329928,27.833137,0
          84.5322981,27.8332105,0
          84.5315954,27.8333481,0
          84.5309409,27.8334857,0
          84.5299715,27.8336835,0
          84.5294067,27.8337324,0
          84.5288783,27.8337584,0
          84.52813,27.8337466,0
          84.5270947,27.8337252,0
          84.5264831,27.833692,0
          84.5256945,27.8335473,0
          84.5249757,27.8333884,0
          84.5241871,27.8332165,0
          84.5234938,27.8330475,0
          84.5232323,27.8329722,0
          84.5227186,27.8328215,0
          84.5221017,27.8325547,0
          84.5216927,27.832378,0
          84.5212421,27.8321028,0
          84.5209122,27.8317755,0
          84.5206118,27.8312513,0
          84.5203945,27.8305895,0
          84.5202845,27.8297404,0
          84.5202363,27.8288367,0
          84.5202014,27.8282081,0
          84.5202067,27.8276032,0
          84.5202765,27.826996,0
          84.5203435,27.8263745,0
          84.5205152,27.8253521,0
          84.5206118,27.8246192,0
          84.5205823,27.8235612,0
          84.5205474,27.8230891,0
          84.5204401,27.8219742,0
          84.5202148,27.8211013,0
          84.5198178,27.8200101,0
          84.5194021,27.8190707,0
          84.5190883,27.8184041,0
          84.5188308,27.8179035,0
          84.5184097,27.8172725,0
          84.5180476,27.8168265,0
          84.5175192,27.8164944,0
          84.5169505,27.8162691,0
          84.5161352,27.816065,0
          84.5154887,27.8159322,0
          84.5147645,27.8157946,0
          84.5139357,27.8156285,0
          84.5134154,27.8155574,0
          84.5126778,27.8155289,0
          84.5122567,27.8155337,0
          84.51179,27.8155669,0
          84.5112884,27.815676,0
          84.5105669,27.8158824,0
          84.5100358,27.8160698,0
          84.5091292,27.816447,0
          84.508199,27.8168254,0
          84.5075118,27.8171202,0
          84.506948,27.8174114,0
          84.5067135,27.8175485,0
          84.5063143,27.8178445,0
          84.505837,27.8182194,0
          84.505393,27.8185462,0
          84.5047588,27.8189072,0
          84.5039481,27.819333,0
          84.5035031,27.8195369,0
          84.5031292,27.8196525,0
          84.5026107,27.8198062,0
          84.5020511,27.8199263,0
          84.5015531,27.8199663,0
          84.5010593,27.8199772,0
          84.5003639,27.8200245,0
          84.5000388,27.8200464,0
          84.4994462,27.8201446,0
          84.4987919,27.8202902,0
          84.4981088,27.8204649,0
          84.497401,27.8206687,0
          84.4962096,27.8209845,0
          84.4960265,27.8209781,0
          84.495829,27.8209271,0
          84.4956562,27.8208325,0
          84.4954669,27.8206869,0
          84.4942221,27.8197191,0
          84.4939566,27.8195478,0
          84.4936363,27.8193909,0
          84.4931912,27.8192894,0
          84.4928891,27.819275,0
          84.4926316,27.8192748,0
          84.49236,27.8193185,0
          84.4920143,27.8194131,0
          84.491788,27.8195114,0
          84.4913888,27.8197225,0
          84.4910184,27.8199518,0
          84.490825,27.8200973,0
          84.4905287,27.8203667,0
          84.4901296,27.8206323,0
          84.4898045,27.8207743,0
          84.4895082,27.8208944,0
          84.4891584,27.8210181,0
          84.4888662,27.8210218,0
          84.4886852,27.820989,0
          84.4884753,27.820898,0
          84.488249,27.820858,0
          84.4880396,27.8208515,0
          84.4877449,27.820951,0
          84.4874758,27.8210418,0
          84.4871091,27.8211127,0
          84.4866647,27.8211601,0
          84.4861955,27.8211892,0
          84.4849733,27.8212656,0
          84.4845125,27.8212947,0
          84.4840351,27.8213093,0
          84.4833164,27.8213129,0
          84.4829281,27.8213311,0
          84.4819817,27.8213311,0
          84.4815825,27.8213821,0
          84.4811833,27.8214658,0
          84.4803315,27.8217205,0
          84.4797312,27.8219518,0
          84.4786589,27.8224376,0
          84.4777843,27.8227832,0
          84.4770435,27.8231144,0
          84.4766649,27.8232236,0
          84.4759366,27.8233328,0
          84.475451,27.8233801,0
          84.4747926,27.8234529,0
          84.4741136,27.8235257,0
          84.4735539,27.8236203,0
          84.4730683,27.8237513,0
          84.4724428,27.8239224,0
          84.4718708,27.8240825,0
          84.4714799,27.8241662,0
          84.4709449,27.8242208,0
          84.4705854,27.8242342,0
          84.4702289,27.8242099,0
          84.4699203,27.8241698,0
          84.469587,27.8241444,0
          84.4692166,27.8241626,0
          84.4687187,27.8242281,0
          84.4681343,27.82433,0
          84.4674636,27.82441,0
          84.4668179,27.8244541,0
          84.4662215,27.8244966,0
          84.4660455,27.8244931,0
          84.4658429,27.8244559,0
          84.4657366,27.8243831,0
          84.4656684,27.8242891,0
          84.4656201,27.8241436,0
          84.4655761,27.8239715,0
          84.465558,27.8237551,0
          84.4655761,27.8235191,0
          84.4656423,27.8233008,0
          84.4657145,27.8231376,0
          84.4659125,27.822708,0
          84.4662001,27.8221082,0
          84.4663577,27.8217046,0
          84.4664167,27.8214964,0
          84.4664694,27.8211887,0
          84.4664488,27.8208931,0
          84.466391,27.8205204,0
          84.4663284,27.8203431,0
          84.4662237,27.8200464,0
          84.4660235,27.8196582,0
          84.4657757,27.8193561,0
          84.4655259,27.8191259,0
          84.465229,27.8189166,0
          84.4650163,27.8188314,0
          84.4647716,27.818803,0
          84.4644386,27.8188491,0
          84.464257,27.8189054,0
          84.4638134,27.8192233,0
          84.463612,27.8193424,0
          84.4633432,27.8194134,0
          84.4625768,27.8194914,0
          84.4595556,27.8195473,0
          84.4578743,27.8196405,0
          84.4572146,27.8197361,0
          84.4569033,27.8197895,0
          84.4563857,27.8199137,0
          84.4550014,27.8202757,0
          84.4534888,27.8206944,0
          84.452378,27.821066,0
          84.4488783,27.8227099,0
          84.4483609,27.8229229,0
          84.447719,27.8231465,0
          84.4471398,27.8232964,0
          84.4466557,27.8233807,0
          84.4462744,27.8234021,0
          84.4459455,27.8233771,0
          84.4456686,27.8233097,0
          84.4453827,27.823193,0
          84.4446455,27.8226213,0
          84.4437226,27.8218335,0
          84.4433155,27.8214876,0
          84.4430365,27.8212161,0
          84.4427837,27.8208896,0
          84.4422461,27.8201231,0
          84.4419652,27.8196937,0
          84.4418007,27.8193885,0
          84.4416964,27.8190585,0
          84.4415158,27.8179868,0
          84.4414516,27.8177455,0
          84.4413352,27.81749,0
          84.4411691,27.8172444,0
          84.4408979,27.8169612,0
          84.4405889,27.8167164,0
          84.4400855,27.8163713,0
          84.439321,27.8159747,0
          84.4388155,27.8157334,0
          84.4385057,27.815617,0
          84.4381895,27.8155879,0
          84.4378525,27.8156056,0
          84.4374513,27.8156269,0
          84.4370661,27.8156659,0
          84.4365235,27.8156687,0
          84.4361753,27.815634,0
          84.43575,27.8155453,0
          84.4353401,27.8153878,0
          84.4350639,27.8152401,0
          84.4347589,27.8150591,0
          84.4337599,27.8143884,0
          84.4332623,27.8140299,0
          84.4329373,27.8137496,0
          84.4327487,27.8134941,0
          84.4326163,27.8132634,0
          84.4325238,27.8129908,0
          84.4322304,27.8116523,0
          84.431858,27.8091857,0
          84.4316814,27.8083268,0
          84.4314688,27.8074644,0
          84.4313524,27.8068788,0
          84.4313003,27.8064423,0
          84.4312642,27.8056757,0
          84.4312662,27.8054767,0
          84.430882,27.8016039,0
          84.4309009,27.8010205,0
          84.430931,27.8007238,0
          84.4309838,27.8002872,0
          84.4311157,27.7997271,0
          84.4311722,27.7995205,0
          84.431191,27.7992604,0
          84.4311609,27.7989471,0
          84.4310365,27.7983437,0
          84.4309235,27.7978804,0
          84.4308029,27.797427,0
          84.4307313,27.7969736,0
          84.4306748,27.7960669,0
          84.4306069,27.7956769,0
          84.4305247,27.7952859,0
          84.4303808,27.7948301,0
          84.4301962,27.7943534,0
          84.429955,27.7939134,0
          84.4298787,27.7936321,0
          84.4298646,27.7932767,0
          84.4299022,27.7928266,0
          84.4301277,27.7909263,0
          84.4302037,27.7899296,0
          84.4302663,27.7894202,0
          84.4303846,27.7890061,0
          84.4305956,27.7886161,0
          84.4310102,27.7879493,0
          84.4318882,27.7865224,0
          84.4326268,27.7852522,0
          84.4329773,27.7847054,0
          84.4334672,27.7840553,0
          84.4338139,27.7836552,0
          84.4342171,27.7832385,0
          84.4382606,27.7789842,0
          84.4385508,27.7787342,0
          84.4389125,27.7784141,0
          84.4392069,27.7782832,0
          84.4395909,27.7782374,0
          84.4400694,27.7782574,0
          84.4409136,27.7783274,0
          84.4413712,27.778352,0
          84.4428995,27.7785141,0
          84.443755,27.7785775,0
          84.4446632,27.7786041,0
          84.4455337,27.7786075,0
          84.4476359,27.7785011,0
          84.4488009,27.7784541,0
          84.4493963,27.7783808,0
          84.4499616,27.7782607,0
          84.4508245,27.7780773,0
          84.452396,27.7776839,0
          84.4527264,27.7775696,0
          84.45703,27.7758542,0
          84.4577132,27.7755467,0
          84.4584254,27.7751833,0
          84.4599308,27.7743674,0
          84.4603398,27.7741463,0
          84.4606965,27.7739283,0
          84.460988,27.7737262,0
          84.4612707,27.7734829,0
          84.4616039,27.7731568,0
          84.4618434,27.7728359,0
          84.4619602,27.7725959,0
          84.4621334,27.7722366,0
          84.4624334,27.7717328,0
          84.4626046,27.7714389,0
          84.4628729,27.771093,0
          84.4634577,27.770557,0
          84.4640285,27.7701897,0
          84.4646949,27.7698322,0
          84.4652142,27.7694716,0
          84.465527,27.7692415,0
          84.4657158,27.7690857,0
          84.4659284,27.7688847,0
          84.4662263,27.7685274,0
          84.466524,27.7681636,0
          84.4668714,27.7676429,0
          84.4672046,27.7670469,0
          84.4676512,27.7660872,0
          84.4680482,27.7653281,0
          84.4685123,27.7645277,0
          84.4690478,27.7638351,0
          84.4697001,27.7630133,0
          84.4701115,27.7623528,0
          84.4704019,27.7618151,0
          84.4707493,27.7608301,0
          84.4711463,27.7593245,0
          84.4714086,27.7584086,0
          84.4716451,27.7573788,0
          84.4721105,27.7549392,0
          84.4723373,27.7537472,0
          84.4724012,27.7530947,0
          84.4723079,27.7527275,0
          84.4720467,27.7522477,0
          84.471834,27.7519654,0
          84.4716071,27.751727,0
          84.4713712,27.7516293,0
          84.4710896,27.751589,0
          84.470544,27.7516257,0
          84.4701609,27.7516768,0
          84.4695432,27.7517924,0
          84.4681023,27.7520735,0
          84.4669139,27.7522603,0
          84.4660703,27.7524736,0
          84.4643984,27.7530872,0
          84.4638796,27.753308,0
          84.4634117,27.7536405,0
          84.4622065,27.7546506,0
          84.4603775,27.7563508,0
          84.4596047,27.757066,0
          84.4593708,27.7574111,0
          84.4592219,27.7577875,0
          84.4590588,27.7582392,0
          84.4587894,27.7586532,0
          84.4585342,27.758923,0
          84.4582932,27.7590861,0
          84.4577402,27.7593559,0
          84.4572794,27.7595127,0
          84.4566101,27.7596396,0
          84.4559537,27.7596946,0
          84.4553085,27.7597323,0
          84.4543018,27.7597511,0
          84.4528956,27.7596719,0
          84.4524107,27.7596538,0
          84.4517642,27.7595383,0
          84.4511113,27.759388,0
          84.4503277,27.7591222,0
          84.4496421,27.7588622,0
          84.4490283,27.7585617,0
          84.4484929,27.7581746,0
          84.4480423,27.7577643,0
          84.447742,27.7573945,0
          84.4474742,27.7569958,0
          84.4472718,27.7566202,0
          84.4471151,27.7561811,0
          84.4467625,27.755505,0
          84.4460312,27.7542626,0
          84.4455871,27.7535692,0
          84.4451954,27.7531185,0
          84.4447056,27.7525753,0
          84.4436021,27.7515409,0
          84.4431516,27.7510209,0
          84.4427483,27.7505394,0
          84.4424072,27.75005,0
          84.4420023,27.7494086,0
          84.4414016,27.7484031,0
          84.4406703,27.7470508,0
          84.4399781,27.7457564,0
          84.4394362,27.7448317,0
          84.438966,27.744144,0
          84.4386657,27.7437626,0
          84.4382564,27.7433825,0
          84.4376144,27.7429709,0
          84.4369222,27.7426184,0
          84.4360015,27.7421734,0
          84.4352637,27.7418729,0
          84.4347283,27.7416706,0
          84.4341732,27.741503,0
          84.433677,27.7414105,0
          84.433024,27.7413585,0
          84.4323841,27.7413701,0
          84.4318225,27.7414163,0
          84.43115,27.7414799,0
          84.4305558,27.7415839,0
          84.4298767,27.7418035,0
          84.4292433,27.7420751,0
          84.4284075,27.7424681,0
          84.4279112,27.7426588,0
          84.4272191,27.7428322,0
          84.4265792,27.7429709,0
          84.4261114,27.7430103,0
          84.4255344,27.742942,0
          84.4250251,27.7427686,0
          84.4244701,27.7425779,0
          84.4238432,27.7423294,0
          84.423249,27.742,0
          84.422916,27.7417688,0
          84.4225112,27.7414771,0
          84.4219815,27.7412651,0

          </coordinates>
        </LineString>
      </Placemark>
    </Folder>

    <!-- PONTOS DE DESTAQUE -->
    <Folder>
      <name>Marcos Narrativos e Hotspots</name>
      
      <Placemark>
        <name>1. Origem: Colapso no Langtang Lirung</name>
        <styleUrl>#styleOrigin</styleUrl>
        <Point><coordinates>85.5194,28.2765,5200</coordinates></Point>
      </Placemark>

      <Placemark>
        <name>2. Barramento no Lhende Khola</name>
        <styleUrl>#styleDam</styleUrl>
        <Point><coordinates>85.4800,28.2740,3950</coordinates></Point>
      </Placemark>

      <Placemark>
        <name>3. Porto de Gyirong (Tibete, China)</name>
        <styleUrl>#stylePort</styleUrl>
        <Point><coordinates>85.3300,28.3970,2700</coordinates></Point>
      </Placemark>

      <Placemark>
        <name>4. Forte Rasuwagadhi e Vila Timure (Nepal)</name>
        <styleUrl>#stylePort</styleUrl>
        <Point><coordinates>85.3810,28.2730,1814</coordinates></Point>
      </Placemark>

      <Placemark>
        <name>5. UHE Rasuwagadhi (111 MW)</name>
        <styleUrl>#styleHydro</styleUrl>
        <Point><coordinates>85.3780,28.2650,1780</coordinates></Point>
      </Placemark>

      <Placemark>
        <name>6. Syabrubesi e Cascata do Trishuli</name>
        <styleUrl>#styleHydro</styleUrl>
        <Point><coordinates>85.3370,28.1610,1460</coordinates></Point>
      </Placemark>
    </Folder>

  </Document>
</kml>
