{
 "type": "FeatureCollection",
 "name": "NPL-FL-2026-trishuli-corridor-aoi",
 "crs": {
  "type": "name",
  "properties": {
   "name": "urn:ogc:def:crs:OGC:1.3:CRS84"
  }
 },
 "features": [
  {
   "type": "Feature",
   "properties": {
    "name": "Bhote Koshi and Trishuli river corridor",
    "buffer_km": 1.0,
    "area_sq_km": 314.3,
    "sources": [
     "HOT partner shapefile (upper corridor)",
     "OCHA HPCS 1 km corridor AOI"
    ]
   },
   "geometry": {
    "type": "MultiPolygon",
    "coordinates": [
     [
      [
       [
        84.424624,
        27.73416
       ],
       [
        84.424632,
        27.734143
       ],
       [
        84.424749,
        27.734134
       ],
       [
        84.426438,
        27.734032
       ],
       [
        84.427963,
        27.734222
       ],
       [
        84.426545,
        27.733332
       ],
       [
        84.425882,
        27.733542
       ],
       [
        84.424588,
        27.734095
       ],
       [
        84.423919,
        27.734413
       ],
       [
        84.424624,
        27.73416
       ]
      ]
     ],
     [
      [
       [
        84.746663,
        27.796699
       ],
       [
        84.748761,
        27.796191
       ],
       [
        84.748774,
        27.796191
       ],
       [
        84.748223,
        27.795948
       ],
       [
        84.746266,
        27.795556
       ],
       [
        84.746663,
        27.796699
       ]
      ]
     ],
     [
      [
       [
        84.905584,
        27.798104
       ],
       [
        84.906268,
        27.796731
       ],
       [
        84.908178,
        27.795089
       ],
       [
        84.907881,
        27.795051
       ],
       [
        84.901148,
        27.796919
       ],
       [
        84.901032,
        27.797093
       ],
       [
        84.903119,
        27.797331
       ],
       [
        84.905584,
        27.798104
       ]
      ]
     ],
     [
      [
       [
        84.906073,
        27.799193
       ],
       [
        84.906687,
        27.798597
       ],
       [
        84.905811,
        27.798176
       ],
       [
        84.905584,
        27.798104
       ],
       [
        84.905088,
        27.799101
       ],
       [
        84.906073,
        27.799193
       ]
      ]
     ],
     [
      [
       [
        84.85608,
        27.79886
       ],
       [
        84.856141,
        27.798845
       ],
       [
        84.855756,
        27.798539
       ],
       [
        84.85462,
        27.798564
       ],
       [
        84.854587,
        27.79857
       ],
       [
        84.854194,
        27.799117
       ],
       [
        84.853383,
        27.80067
       ],
       [
        84.853415,
        27.800682
       ],
       [
        84.854031,
        27.8
       ],
       [
        84.85608,
        27.79886
       ]
      ]
     ],
     [
      [
       [
        85.021803,
        27.801655
       ],
       [
        85.018908,
        27.799526
       ],
       [
        85.017086,
        27.798704
       ],
       [
        85.016705,
        27.798562
       ],
       [
        85.015496,
        27.798001
       ],
       [
        85.014157,
        27.797473
       ],
       [
        85.012972,
        27.797112
       ],
       [
        85.012386,
        27.796992
       ],
       [
        85.01369,
        27.797705
       ],
       [
        85.015296,
        27.799094
       ],
       [
        85.016714,
        27.799139
       ],
       [
        85.020317,
        27.800598
       ],
       [
        85.023015,
        27.803166
       ],
       [
        85.021803,
        27.801655
       ]
      ]
     ],
     [
      [
       [
        84.881831,
        27.800244
       ],
       [
        84.880748,
        27.7999
       ],
       [
        84.88062,
        27.799874
       ],
       [
        84.878654,
        27.800354
       ],
       [
        84.878479,
        27.800472
       ],
       [
        84.879059,
        27.800891
       ],
       [
        84.879262,
        27.80133
       ],
       [
        84.881868,
        27.800864
       ],
       [
        84.881831,
        27.800244
       ]
      ]
     ],
     [
      [
       [
        84.961853,
        27.80274
       ],
       [
        84.962468,
        27.80022
       ],
       [
        84.961982,
        27.800629
       ],
       [
        84.960299,
        27.80314
       ],
       [
        84.961853,
        27.80274
       ]
      ]
     ],
     [
      [
       [
        84.962135,
        27.805129
       ],
       [
        84.96269,
        27.802526
       ],
       [
        84.961853,
        27.80274
       ],
       [
        84.961576,
        27.803879
       ],
       [
        84.961908,
        27.805312
       ],
       [
        84.962135,
        27.805129
       ]
      ]
     ],
     [
      [
       [
        84.829759,
        27.802444
       ],
       [
        84.829277,
        27.801997
       ],
       [
        84.82822,
        27.803231
       ],
       [
        84.8285,
        27.802956
       ],
       [
        84.828029,
        27.803449
       ],
       [
        84.827823,
        27.804463
       ],
       [
        84.828136,
        27.807481
       ],
       [
        84.828485,
        27.808473
       ],
       [
        84.828387,
        27.804843
       ],
       [
        84.829759,
        27.802444
       ]
      ]
     ],
     [
      [
       [
        84.728994,
        27.804321
       ],
       [
        84.728186,
        27.804106
       ],
       [
        84.727122,
        27.803621
       ],
       [
        84.727153,
        27.80389
       ],
       [
        84.727311,
        27.804332
       ],
       [
        84.728541,
        27.805302
       ],
       [
        84.731413,
        27.806528
       ],
       [
        84.732694,
        27.806878
       ],
       [
        84.732444,
        27.806751
       ],
       [
        84.730869,
        27.806044
       ],
       [
        84.729925,
        27.805388
       ],
       [
        84.728994,
        27.804321
       ]
      ]
     ],
     [
      [
       [
        84.959086,
        27.80774
       ],
       [
        84.959625,
        27.804144
       ],
       [
        84.960299,
        27.80314
       ],
       [
        84.959255,
        27.803407
       ],
       [
        84.956174,
        27.807441
       ],
       [
        84.957184,
        27.807667
       ],
       [
        84.95915,
        27.808621
       ],
       [
        84.959086,
        27.80774
       ]
      ]
     ],
     [
      [
       [
        84.979822,
        27.81026
       ],
       [
        84.981101,
        27.80911
       ],
       [
        84.982207,
        27.803759
       ],
       [
        84.981847,
        27.801883
       ],
       [
        84.981784,
        27.802061
       ],
       [
        84.980624,
        27.807083
       ],
       [
        84.979462,
        27.80811
       ],
       [
        84.979489,
        27.808397
       ],
       [
        84.979577,
        27.80971
       ],
       [
        84.979549,
        27.809972
       ],
       [
        84.979822,
        27.81026
       ]
      ]
     ],
     [
      [
       [
        84.956174,
        27.807441
       ],
       [
        84.952931,
        27.806715
       ],
       [
        84.955017,
        27.809718
       ],
       [
        84.955296,
        27.80859
       ],
       [
        84.956174,
        27.807441
       ]
      ]
     ],
     [
      [
       [
        84.76699,
        27.810039
       ],
       [
        84.765718,
        27.808931
       ],
       [
        84.764144,
        27.807983
       ],
       [
        84.764492,
        27.808218
       ],
       [
        84.764937,
        27.808638
       ],
       [
        84.765812,
        27.809933
       ],
       [
        84.766554,
        27.81019
       ],
       [
        84.767023,
        27.810474
       ],
       [
        84.767011,
        27.810057
       ],
       [
        84.76699,
        27.810039
       ]
      ]
     ],
     [
      [
       [
        84.979549,
        27.809972
       ],
       [
        84.979405,
        27.80982
       ],
       [
        84.979102,
        27.808971
       ],
       [
        84.978995,
        27.809556
       ],
       [
        84.978255,
        27.810782
       ],
       [
        84.978991,
        27.811007
       ],
       [
        84.979488,
        27.81056
       ],
       [
        84.979549,
        27.809972
       ]
      ]
     ],
     [
      [
       [
        84.996988,
        27.810102
       ],
       [
        84.997121,
        27.809967
       ],
       [
        84.997326,
        27.809427
       ],
       [
        84.994545,
        27.811545
       ],
       [
        84.989477,
        27.812071
       ],
       [
        84.991228,
        27.812386
       ],
       [
        84.994353,
        27.812561
       ],
       [
        84.994583,
        27.812544
       ],
       [
        84.99698,
        27.810111
       ],
       [
        84.996922,
        27.810079
       ],
       [
        84.996988,
        27.810102
       ]
      ]
     ],
     [
      [
       [
        84.99694,
        27.812364
       ],
       [
        85.000201,
        27.811925
       ],
       [
        85.0005,
        27.811822
       ],
       [
        84.998488,
        27.810927
       ],
       [
        84.997456,
        27.810368
       ],
       [
        84.994871,
        27.812522
       ],
       [
        84.99694,
        27.812364
       ]
      ]
     ],
     [
      [
       [
        84.981952,
        27.812505
       ],
       [
        84.979822,
        27.81026
       ],
       [
        84.979488,
        27.81056
       ],
       [
        84.979428,
        27.81114
       ],
       [
        84.979748,
        27.811238
       ],
       [
        84.979415,
        27.811263
       ],
       [
        84.979328,
        27.8121
       ],
       [
        84.979818,
        27.812416
       ],
       [
        84.981801,
        27.813411
       ],
       [
        84.984739,
        27.814282
       ],
       [
        84.987613,
        27.814543
       ],
       [
        84.989415,
        27.81443
       ],
       [
        84.985467,
        27.814124
       ],
       [
        84.981952,
        27.812505
       ]
      ]
     ],
     [
      [
       [
        84.844228,
        27.813976
       ],
       [
        84.844375,
        27.813851
       ],
       [
        84.84542,
        27.812789
       ],
       [
        84.844776,
        27.813632
       ],
       [
        84.845454,
        27.813119
       ],
       [
        84.845454,
        27.813
       ],
       [
        84.845525,
        27.811171
       ],
       [
        84.84541,
        27.811235
       ],
       [
        84.844228,
        27.813976
       ]
      ]
     ],
     [
      [
       [
        84.81861,
        27.820714
       ],
       [
        84.816543,
        27.822433
       ],
       [
        84.815688,
        27.822881
       ],
       [
        84.81533,
        27.822972
       ],
       [
        84.817228,
        27.822663
       ],
       [
        84.817276,
        27.822644
       ],
       [
        84.818201,
        27.821759
       ],
       [
        84.819171,
        27.819967
       ],
       [
        84.81861,
        27.820714
       ]
      ]
     ],
     [
      [
       [
        84.794743,
        27.821742
       ],
       [
        84.793583,
        27.82259
       ],
       [
        84.793292,
        27.822664
       ],
       [
        84.797079,
        27.82346
       ],
       [
        84.795437,
        27.82241
       ],
       [
        84.794743,
        27.821742
       ]
      ]
     ],
     [
      [
       [
        84.431562,
        27.751024
       ],
       [
        84.432311,
        27.752408
       ],
       [
        84.43307,
        27.753687
       ],
       [
        84.433652,
        27.754598
       ],
       [
        84.434332,
        27.755565
       ],
       [
        84.435033,
        27.756418
       ],
       [
        84.435993,
        27.757492
       ],
       [
        84.437089,
        27.758521
       ],
       [
        84.437684,
        27.759531
       ],
       [
        84.4377,
        27.759536
       ],
       [
        84.437769,
        27.759793
       ],
       [
        84.438534,
        27.761268
       ],
       [
        84.439277,
        27.762356
       ],
       [
        84.440304,
        27.76358
       ],
       [
        84.44164,
        27.764802
       ],
       [
        84.443329,
        27.765994
       ],
       [
        84.445194,
        27.766936
       ],
       [
        84.446497,
        27.767439
       ],
       [
        84.44791,
        27.767915
       ],
       [
        84.44952,
        27.768302
       ],
       [
        84.450754,
        27.768502
       ],
       [
        84.449035,
        27.769189
       ],
       [
        84.448184,
        27.769405
       ],
       [
        84.447679,
        27.769507
       ],
       [
        84.447079,
        27.769531
       ],
       [
        84.445145,
        27.769633
       ],
       [
        84.444853,
        27.769619
       ],
       [
        84.444336,
        27.769612
       ],
       [
        84.444003,
        27.76958
       ],
       [
        84.442403,
        27.769413
       ],
       [
        84.441702,
        27.769374
       ],
       [
        84.44085,
        27.769303
       ],
       [
        84.439323,
        27.76926
       ],
       [
        84.436448,
        27.769636
       ],
       [
        84.43271,
        27.771295
       ],
       [
        84.4314,
        27.772351
       ],
       [
        84.430519,
        27.773165
       ],
       [
        84.426448,
        27.777458
       ],
       [
        84.425915,
        27.77801
       ],
       [
        84.425147,
        27.778912
       ],
       [
        84.424366,
        27.779952
       ],
       [
        84.423667,
        27.781027
       ],
       [
        84.42292,
        27.782309
       ],
       [
        84.422087,
        27.783661
       ],
       [
        84.421611,
        27.78444
       ],
       [
        84.42084,
        27.785931
       ],
       [
        84.420263,
        27.787888
       ],
       [
        84.420078,
        27.789196
       ],
       [
        84.420017,
        27.790111
       ],
       [
        84.419796,
        27.791922
       ],
       [
        84.419707,
        27.793081
       ],
       [
        84.419823,
        27.794879
       ],
       [
        84.420509,
        27.797197
       ],
       [
        84.420585,
        27.79734
       ],
       [
        84.420611,
        27.797727
       ],
       [
        84.420813,
        27.799061
       ],
       [
        84.420889,
        27.799362
       ],
       [
        84.420822,
        27.799853
       ],
       [
        84.420757,
        27.800569
       ],
       [
        84.420752,
        27.802257
       ],
       [
        84.421149,
        27.806218
       ],
       [
        84.421108,
        27.805928
       ],
       [
        84.421167,
        27.807035
       ],
       [
        84.421303,
        27.80819
       ],
       [
        84.421514,
        27.809233
       ],
       [
        84.421721,
        27.810087
       ],
       [
        84.421812,
        27.810492
       ],
       [
        84.422192,
        27.813014
       ],
       [
        84.42259,
        27.814872
       ],
       [
        84.423213,
        27.816646
       ],
       [
        84.423956,
        27.817983
       ],
       [
        84.425146,
        27.819509
       ],
       [
        84.426541,
        27.820766
       ],
       [
        84.427533,
        27.821486
       ],
       [
        84.428723,
        27.822284
       ],
       [
        84.429566,
        27.822795
       ],
       [
        84.430741,
        27.823399
       ],
       [
        84.432629,
        27.824098
       ],
       [
        84.433203,
        27.82422
       ],
       [
        84.43353,
        27.824725
       ],
       [
        84.434208,
        27.825707
       ],
       [
        84.435095,
        27.826815
       ],
       [
        84.436089,
        27.827797
       ],
       [
        84.436685,
        27.828309
       ],
       [
        84.437749,
        27.829211
       ],
       [
        84.439211,
        27.830326
       ],
       [
        84.442089,
        27.831716
       ],
       [
        84.444252,
        27.832237
       ],
       [
        84.44627,
        27.832383
       ],
       [
        84.447969,
        27.832288
       ],
       [
        84.449559,
        27.832024
       ],
       [
        84.451093,
        27.831623
       ],
       [
        84.452362,
        27.831176
       ],
       [
        84.453567,
        27.830679
       ],
       [
        84.456888,
        27.82912
       ],
       [
        84.456767,
        27.829193
       ],
       [
        84.457217,
        27.829072
       ],
       [
        84.458133,
        27.830332
       ],
       [
        84.462059,
        27.832797
       ],
       [
        84.46485,
        27.83341
       ],
       [
        84.466815,
        27.833468
       ],
       [
        84.467651,
        27.833403
       ],
       [
        84.468506,
        27.833345
       ],
       [
        84.469749,
        27.833198
       ],
       [
        84.46985,
        27.833181
       ],
       [
        84.470428,
        27.833212
       ],
       [
        84.471712,
        27.833177
       ],
       [
        84.473184,
        27.833026
       ],
       [
        84.474738,
        27.832697
       ],
       [
        84.475455,
        27.832498
       ],
       [
        84.475884,
        27.832382
       ],
       [
        84.476065,
        27.832362
       ],
       [
        84.47664,
        27.832301
       ],
       [
        84.477441,
        27.832214
       ],
       [
        84.4789,
        27.831982
       ],
       [
        84.481162,
        27.83132
       ],
       [
        84.482081,
        27.830918
       ],
       [
        84.483063,
        27.830535
       ],
       [
        84.483596,
        27.830291
       ],
       [
        84.484233,
        27.830291
       ],
       [
        84.485003,
        27.830263
       ],
       [
        84.485648,
        27.830233
       ],
       [
        84.486945,
        27.830149
       ],
       [
        84.487664,
        27.830099
       ],
       [
        84.488768,
        27.829973
       ],
       [
        84.489004,
        27.829926
       ],
       [
        84.491433,
        27.829775
       ],
       [
        84.492704,
        27.829386
       ],
       [
        84.494536,
        27.829865
       ],
       [
        84.498727,
        27.829683
       ],
       [
        84.500402,
        27.829252
       ],
       [
        84.501109,
        27.829043
       ],
       [
        84.501437,
        27.828963
       ],
       [
        84.501454,
        27.828958
       ],
       [
        84.501542,
        27.828953
       ],
       [
        84.502129,
        27.828939
       ],
       [
        84.503758,
        27.828785
       ],
       [
        84.505466,
        27.82843
       ],
       [
        84.506425,
        27.828147
       ],
       [
        84.507599,
        27.827759
       ],
       [
        84.508947,
        27.82715
       ],
       [
        84.510063,
        27.826571
       ],
       [
        84.510129,
        27.826533
       ],
       [
        84.510072,
        27.827076
       ],
       [
        84.510047,
        27.828402
       ],
       [
        84.510095,
        27.829255
       ],
       [
        84.510154,
        27.830419
       ],
       [
        84.510419,
        27.832295
       ],
       [
        84.511137,
        27.834489
       ],
       [
        84.512417,
        27.836705
       ],
       [
        84.514576,
        27.838878
       ],
       [
        84.516519,
        27.840112
       ],
       [
        84.517684,
        27.840639
       ],
       [
        84.518786,
        27.841102
       ],
       [
        84.519981,
        27.841481
       ],
       [
        84.520622,
        27.841667
       ],
       [
        84.521653,
        27.841918
       ],
       [
        84.522529,
        27.842108
       ],
       [
        84.52345,
        27.842312
       ],
       [
        84.525019,
        27.84258
       ],
       [
        84.526673,
        27.842706
       ],
       [
        84.527938,
        27.842731
       ],
       [
        84.529059,
        27.842742
       ],
       [
        84.53025,
        27.842682
       ],
       [
        84.531743,
        27.842525
       ],
       [
        84.533206,
        27.842247
       ],
       [
        84.53369,
        27.842144
       ],
       [
        84.53408,
        27.842183
       ],
       [
        84.535827,
        27.842262
       ],
       [
        84.53587,
        27.842264
       ],
       [
        84.536988,
        27.842609
       ],
       [
        84.540062,
        27.842756
       ],
       [
        84.5418,
        27.842498
       ],
       [
        84.542842,
        27.842269
       ],
       [
        84.544002,
        27.841973
       ],
       [
        84.545112,
        27.841652
       ],
       [
        84.545848,
        27.84135
       ],
       [
        84.545624,
        27.84121
       ],
       [
        84.544652,
        27.840557
       ],
       [
        84.544229,
        27.840276
       ],
       [
        84.544893,
        27.840614
       ],
       [
        84.544923,
        27.840631
       ],
       [
        84.545415,
        27.840752
       ],
       [
        84.545492,
        27.840775
       ],
       [
        84.546202,
        27.840765
       ],
       [
        84.546823,
        27.840685
       ],
       [
        84.546801,
        27.840523
       ],
       [
        84.546748,
        27.840303
       ],
       [
        84.546769,
        27.840361
       ],
       [
        84.546903,
        27.840674
       ],
       [
        84.547473,
        27.8406
       ],
       [
        84.547523,
        27.840577
       ],
       [
        84.547482,
        27.840599
       ],
       [
        84.547535,
        27.840592
       ],
       [
        84.547388,
        27.840651
       ],
       [
        84.546988,
        27.840871
       ],
       [
        84.547195,
        27.841357
       ],
       [
        84.547469,
        27.841807
       ],
       [
        84.547505,
        27.841858
       ],
       [
        84.548181,
        27.842552
       ],
       [
        84.548981,
        27.843192
       ],
       [
        84.549159,
        27.843294
       ],
       [
        84.548279,
        27.842841
       ],
       [
        84.547022,
        27.842079
       ],
       [
        84.547036,
        27.842173
       ],
       [
        84.547249,
        27.843347
       ],
       [
        84.547529,
        27.844351
       ],
       [
        84.54784,
        27.845521
       ],
       [
        84.548102,
        27.84628
       ],
       [
        84.548146,
        27.846422
       ],
       [
        84.548143,
        27.846429
       ],
       [
        84.547712,
        27.847414
       ],
       [
        84.547226,
        27.8488
       ],
       [
        84.546857,
        27.850459
       ],
       [
        84.546718,
        27.85254
       ],
       [
        84.546902,
        27.854289
       ],
       [
        84.547074,
        27.855165
       ],
       [
        84.54726,
        27.856095
       ],
       [
        84.547346,
        27.856526
       ],
       [
        84.547414,
        27.856883
       ],
       [
        84.547447,
        27.857155
       ],
       [
        84.547659,
        27.858568
       ],
       [
        84.548492,
        27.860864
       ],
       [
        84.550621,
        27.863655
       ],
       [
        84.553743,
        27.865646
       ],
       [
        84.555577,
        27.86627
       ],
       [
        84.556274,
        27.866444
       ],
       [
        84.556325,
        27.866458
       ],
       [
        84.557135,
        27.866684
       ],
       [
        84.558311,
        27.86695
       ],
       [
        84.559548,
        27.867158
       ],
       [
        84.5609,
        27.867279
       ],
       [
        84.562276,
        27.867285
       ],
       [
        84.563323,
        27.86723
       ],
       [
        84.563484,
        27.867237
       ],
       [
        84.563642,
        27.86726
       ],
       [
        84.564014,
        27.867381
       ],
       [
        84.565176,
        27.867816
       ],
       [
        84.566304,
        27.868254
       ],
       [
        84.566567,
        27.868361
       ],
       [
        84.566509,
        27.86888
       ],
       [
        84.566553,
        27.869827
       ],
       [
        84.566603,
        27.870392
       ],
       [
        84.566635,
        27.870709
       ],
       [
        84.566738,
        27.87148
       ],
       [
        84.5671,
        27.872979
       ],
       [
        84.567738,
        27.874404
       ],
       [
        84.567761,
        27.874501
       ],
       [
        84.568761,
        27.876417
       ],
       [
        84.570962,
        27.878724
       ],
       [
        84.571975,
        27.879392
       ],
       [
        84.572273,
        27.879706
       ],
       [
        84.573267,
        27.880618
       ],
       [
        84.574855,
        27.881761
       ],
       [
        84.575413,
        27.882076
       ],
       [
        84.575846,
        27.882312
       ],
       [
        84.576741,
        27.882766
       ],
       [
        84.578436,
        27.883586
       ],
       [
        84.579138,
        27.884227
       ],
       [
        84.580456,
        27.885225
       ],
       [
        84.581479,
        27.88586
       ],
       [
        84.58261,
        27.886447
       ],
       [
        84.582665,
        27.8865
       ],
       [
        84.584689,
        27.887705
       ],
       [
        84.586805,
        27.888518
       ],
       [
        84.59095,
        27.888976
       ],
       [
        84.593708,
        27.888538
       ],
       [
        84.595584,
        27.887904
       ],
       [
        84.59773,
        27.886816
       ],
       [
        84.599555,
        27.885418
       ],
       [
        84.599646,
        27.885328
       ],
       [
        84.599963,
        27.885327
       ],
       [
        84.601061,
        27.885269
       ],
       [
        84.602896,
        27.88511
       ],
       [
        84.604107,
        27.884935
       ],
       [
        84.605156,
        27.884706
       ],
       [
        84.606409,
        27.884312
       ],
       [
        84.607307,
        27.883939
       ],
       [
        84.608065,
        27.88357
       ],
       [
        84.608078,
        27.883561
       ],
       [
        84.60636,
        27.881908
       ],
       [
        84.605377,
        27.880539
       ],
       [
        84.604395,
        27.878579
       ],
       [
        84.603956,
        27.876809
       ],
       [
        84.603853,
        27.876077
       ],
       [
        84.603788,
        27.874844
       ],
       [
        84.603828,
        27.873468
       ],
       [
        84.60411,
        27.875553
       ],
       [
        84.604585,
        27.876812
       ],
       [
        84.605453,
        27.878164
       ],
       [
        84.606534,
        27.879304
       ],
       [
        84.607568,
        27.880089
       ],
       [
        84.608163,
        27.880419
       ],
       [
        84.608898,
        27.880296
       ],
       [
        84.610275,
        27.87986
       ],
       [
        84.610532,
        27.87973
       ],
       [
        84.612381,
        27.878434
       ],
       [
        84.612823,
        27.877914
       ],
       [
        84.613696,
        27.876425
       ],
       [
        84.613613,
        27.876813
       ],
       [
        84.61297,
        27.878452
       ],
       [
        84.612179,
        27.879783
       ],
       [
        84.6117,
        27.880484
       ],
       [
        84.610843,
        27.881488
       ],
       [
        84.609507,
        27.882665
       ],
       [
        84.608429,
        27.883341
       ],
       [
        84.608467,
        27.883399
       ],
       [
        84.608897,
        27.883945
       ],
       [
        84.610019,
        27.88498
       ],
       [
        84.609609,
        27.884695
       ],
       [
        84.608941,
        27.884209
       ],
       [
        84.608963,
        27.884245
       ],
       [
        84.610194,
        27.885845
       ],
       [
        84.61184,
        27.887313
       ],
       [
        84.613755,
        27.888477
       ],
       [
        84.615936,
        27.889332
       ],
       [
        84.618401,
        27.889809
       ],
       [
        84.620547,
        27.88987
       ],
       [
        84.621775,
        27.889756
       ],
       [
        84.623319,
        27.889552
       ],
       [
        84.625696,
        27.889061
       ],
       [
        84.627484,
        27.888537
       ],
       [
        84.629667,
        27.887547
       ],
       [
        84.632494,
        27.885839
       ],
       [
        84.633919,
        27.88479
       ],
       [
        84.63532,
        27.883445
       ],
       [
        84.636419,
        27.881848
       ],
       [
        84.636976,
        27.880647
       ],
       [
        84.637297,
        27.879556
       ],
       [
        84.637471,
        27.87859
       ],
       [
        84.637584,
        27.877341
       ],
       [
        84.637583,
        27.877279
       ],
       [
        84.638651,
        27.876862
       ],
       [
        84.641666,
        27.874137
       ],
       [
        84.643283,
        27.870166
       ],
       [
        84.643382,
        27.869326
       ],
       [
        84.644267,
        27.869453
       ],
       [
        84.645541,
        27.869554
       ],
       [
        84.646678,
        27.869553
       ],
       [
        84.648278,
        27.869401
       ],
       [
        84.649932,
        27.869008
       ],
       [
        84.650499,
        27.86883
       ],
       [
        84.651517,
        27.868425
       ],
       [
        84.651998,
        27.868205
       ],
       [
        84.653333,
        27.867626
       ],
       [
        84.65456,
        27.867017
       ],
       [
        84.656466,
        27.865773
       ],
       [
        84.658339,
        27.863806
       ],
       [
        84.659713,
        27.860916
       ],
       [
        84.659759,
        27.860582
       ],
       [
        84.660111,
        27.860496
       ],
       [
        84.662467,
        27.859627
       ],
       [
        84.664701,
        27.858319
       ],
       [
        84.66513,
        27.857994
       ],
       [
        84.665997,
        27.857372
       ],
       [
        84.668162,
        27.855345
       ],
       [
        84.669661,
        27.852967
       ],
       [
        84.670652,
        27.850768
       ],
       [
        84.6712,
        27.848733
       ],
       [
        84.671405,
        27.848043
       ],
       [
        84.671645,
        27.847472
       ],
       [
        84.672223,
        27.846301
       ],
       [
        84.672618,
        27.845773
       ],
       [
        84.67342,
        27.844317
       ],
       [
        84.673977,
        27.84278
       ],
       [
        84.674252,
        27.840996
       ],
       [
        84.673872,
        27.837782
       ],
       [
        84.673555,
        27.836933
       ],
       [
        84.673468,
        27.836007
       ],
       [
        84.673333,
        27.834909
       ],
       [
        84.673191,
        27.834075
       ],
       [
        84.672869,
        27.832784
       ],
       [
        84.672601,
        27.832131
       ],
       [
        84.67369,
        27.830959
       ],
       [
        84.67428,
        27.830341
       ],
       [
        84.675505,
        27.828644
       ],
       [
        84.676076,
        27.827559
       ],
       [
        84.676423,
        27.826853
       ],
       [
        84.676503,
        27.826663
       ],
       [
        84.676569,
        27.826552
       ],
       [
        84.677161,
        27.825451
       ],
       [
        84.677258,
        27.824985
       ],
       [
        84.677303,
        27.824974
       ],
       [
        84.677985,
        27.824822
       ],
       [
        84.679333,
        27.824502
       ],
       [
        84.681165,
        27.823854
       ],
       [
        84.682978,
        27.82293
       ],
       [
        84.684618,
        27.821735
       ],
       [
        84.684747,
        27.821613
       ],
       [
        84.685472,
        27.821256
       ],
       [
        84.686823,
        27.820388
       ],
       [
        84.688052,
        27.8195
       ],
       [
        84.688168,
        27.819415
       ],
       [
        84.688194,
        27.819414
       ],
       [
        84.689981,
        27.81926
       ],
       [
        84.69161,
        27.818907
       ],
       [
        84.692314,
        27.818717
       ],
       [
        84.692805,
        27.818588
       ],
       [
        84.693019,
        27.81853
       ],
       [
        84.693346,
        27.818504
       ],
       [
        84.694193,
        27.818409
       ],
       [
        84.695017,
        27.818285
       ],
       [
        84.695973,
        27.818136
       ],
       [
        84.697145,
        27.817879
       ],
       [
        84.698109,
        27.817628
       ],
       [
        84.698934,
        27.817433
       ],
       [
        84.69953,
        27.817295
       ],
       [
        84.700563,
        27.817059
       ],
       [
        84.702228,
        27.81668
       ],
       [
        84.703354,
        27.816444
       ],
       [
        84.703725,
        27.816394
       ],
       [
        84.703901,
        27.816348
       ],
       [
        84.704156,
        27.816358
       ],
       [
        84.705806,
        27.816308
       ],
       [
        84.70755,
        27.81623
       ],
       [
        84.709147,
        27.815972
       ],
       [
        84.711806,
        27.815261
       ],
       [
        84.71576,
        27.812481
       ],
       [
        84.718046,
        27.812838
       ],
       [
        84.722716,
        27.812128
       ],
       [
        84.72627,
        27.810094
       ],
       [
        84.726601,
        27.809773
       ],
       [
        84.727871,
        27.809503
       ],
       [
        84.72898,
        27.809185
       ],
       [
        84.729428,
        27.809026
       ],
       [
        84.729828,
        27.808926
       ],
       [
        84.731319,
        27.810441
       ],
       [
        84.733635,
        27.811996
       ],
       [
        84.736709,
        27.813122
       ],
       [
        84.739245,
        27.813468
       ],
       [
        84.74072,
        27.813488
       ],
       [
        84.741612,
        27.813437
       ],
       [
        84.743323,
        27.814261
       ],
       [
        84.74684,
        27.814759
       ],
       [
        84.74749,
        27.817236
       ],
       [
        84.749843,
        27.820662
       ],
       [
        84.751768,
        27.822222
       ],
       [
        84.752749,
        27.822842
       ],
       [
        84.753423,
        27.823419
       ],
       [
        84.754553,
        27.82445
       ],
       [
        84.757446,
        27.82625
       ],
       [
        84.760285,
        27.82719
       ],
       [
        84.763286,
        27.827604
       ],
       [
        84.766935,
        27.827337
       ],
       [
        84.770552,
        27.826058
       ],
       [
        84.772474,
        27.824826
       ],
       [
        84.773199,
        27.82428
       ],
       [
        84.774378,
        27.823553
       ],
       [
        84.775802,
        27.822457
       ],
       [
        84.77682,
        27.821526
       ],
       [
        84.778085,
        27.821949
       ],
       [
        84.780209,
        27.82256
       ],
       [
        84.781882,
        27.822883
       ],
       [
        84.785744,
        27.823553
       ],
       [
        84.789103,
        27.823724
       ],
       [
        84.793292,
        27.822664
       ],
       [
        84.792656,
        27.82253
       ],
       [
        84.789493,
        27.821216
       ],
       [
        84.789973,
        27.821388
       ],
       [
        84.790964,
        27.821572
       ],
       [
        84.792312,
        27.82159
       ],
       [
        84.794003,
        27.821313
       ],
       [
        84.796625,
        27.820085
       ],
       [
        84.798187,
        27.818736
       ],
       [
        84.797263,
        27.8199
       ],
       [
        84.794898,
        27.821629
       ],
       [
        84.798255,
        27.823278
       ],
       [
        84.800009,
        27.823543
       ],
       [
        84.797213,
        27.823488
       ],
       [
        84.797079,
        27.82346
       ],
       [
        84.797773,
        27.823903
       ],
       [
        84.800463,
        27.825124
       ],
       [
        84.801298,
        27.825305
       ],
       [
        84.802389,
        27.825686
       ],
       [
        84.804281,
        27.82626
       ],
       [
        84.806837,
        27.82667
       ],
       [
        84.808981,
        27.826682
       ],
       [
        84.812562,
        27.825965
       ],
       [
        84.815267,
        27.824568
       ],
       [
        84.816147,
        27.823725
       ],
       [
        84.818047,
        27.825443
       ],
       [
        84.82177,
        27.827391
       ],
       [
        84.82688,
        27.828243
       ],
       [
        84.831048,
        27.827708
       ],
       [
        84.834341,
        27.826643
       ],
       [
        84.837006,
        27.825277
       ],
       [
        84.839236,
        27.823707
       ],
       [
        84.841242,
        27.821834
       ],
       [
        84.842794,
        27.82008
       ],
       [
        84.844473,
        27.817783
       ],
       [
        84.84492,
        27.816053
       ],
       [
        84.848927,
        27.817602
       ],
       [
        84.853978,
        27.817324
       ],
       [
        84.856774,
        27.816462
       ],
       [
        84.859284,
        27.816401
       ],
       [
        84.86374,
        27.8155
       ],
       [
        84.865973,
        27.814209
       ],
       [
        84.867849,
        27.815414
       ],
       [
        84.871222,
        27.816556
       ],
       [
        84.874352,
        27.817015
       ],
       [
        84.875032,
        27.81714
       ],
       [
        84.875696,
        27.817315
       ],
       [
        84.875579,
        27.817418
       ],
       [
        84.880253,
        27.818728
       ],
       [
        84.884307,
        27.818087
       ],
       [
        84.8847,
        27.81822
       ],
       [
        84.888024,
        27.818461
       ],
       [
        84.890196,
        27.8183
       ],
       [
        84.892555,
        27.817931
       ],
       [
        84.895397,
        27.816912
       ],
       [
        84.896912,
        27.816631
       ],
       [
        84.899492,
        27.815955
       ],
       [
        84.900051,
        27.815717
       ],
       [
        84.901997,
        27.816443
       ],
       [
        84.906891,
        27.816905
       ],
       [
        84.910803,
        27.815918
       ],
       [
        84.913634,
        27.814048
       ],
       [
        84.915893,
        27.813784
       ],
       [
        84.919551,
        27.812236
       ],
       [
        84.922685,
        27.809214
       ],
       [
        84.92317,
        27.8081
       ],
       [
        84.921749,
        27.808795
       ],
       [
        84.919083,
        27.809562
       ],
       [
        84.919536,
        27.809389
       ],
       [
        84.920762,
        27.808866
       ],
       [
        84.922591,
        27.807256
       ],
       [
        84.921343,
        27.806542
       ],
       [
        84.920014,
        27.805782
       ],
       [
        84.920317,
        27.805898
       ],
       [
        84.920878,
        27.806091
       ],
       [
        84.922823,
        27.806395
       ],
       [
        84.923314,
        27.806345
       ],
       [
        84.924219,
        27.804599
       ],
       [
        84.924446,
        27.803606
       ],
       [
        84.924223,
        27.80568
       ],
       [
        84.923962,
        27.806279
       ],
       [
        84.925341,
        27.806138
       ],
       [
        84.926142,
        27.805887
       ],
       [
        84.926356,
        27.805788
       ],
       [
        84.926967,
        27.805354
       ],
       [
        84.92624,
        27.806065
       ],
       [
        84.923997,
        27.807695
       ],
       [
        84.923659,
        27.80786
       ],
       [
        84.925211,
        27.808659
       ],
       [
        84.925599,
        27.809077
       ],
       [
        84.927098,
        27.810375
       ],
       [
        84.92885,
        27.811581
       ],
       [
        84.930717,
        27.812652
       ],
       [
        84.93386,
        27.813631
       ],
       [
        84.935328,
        27.816283
       ],
       [
        84.936295,
        27.817144
       ],
       [
        84.936958,
        27.818706
       ],
       [
        84.938631,
        27.821111
       ],
       [
        84.941602,
        27.823507
       ],
       [
        84.945275,
        27.824912
       ],
       [
        84.945673,
        27.82497
       ],
       [
        84.946011,
        27.825123
       ],
       [
        84.950582,
        27.825829
       ],
       [
        84.951588,
        27.825511
       ],
       [
        84.952342,
        27.825844
       ],
       [
        84.954756,
        27.826507
       ],
       [
        84.95944,
        27.826945
       ],
       [
        84.963995,
        27.825837
       ],
       [
        84.966069,
        27.824954
       ],
       [
        84.968501,
        27.823619
       ],
       [
        84.971465,
        27.821029
       ],
       [
        84.972214,
        27.819846
       ],
       [
        84.973742,
        27.819697
       ],
       [
        84.976856,
        27.817086
       ],
       [
        84.978161,
        27.815207
       ],
       [
        84.979298,
        27.812383
       ],
       [
        84.979328,
        27.8121
       ],
       [
        84.978423,
        27.811517
       ],
       [
        84.976514,
        27.813232
       ],
       [
        84.976012,
        27.813259
       ],
       [
        84.977198,
        27.812531
       ],
       [
        84.977982,
        27.811232
       ],
       [
        84.977981,
        27.811231
       ],
       [
        84.977773,
        27.811055
       ],
       [
        84.976845,
        27.810922
       ],
       [
        84.975023,
        27.810406
       ],
       [
        84.975186,
        27.810334
       ],
       [
        84.976351,
        27.810481
       ],
       [
        84.977046,
        27.810246
       ],
       [
        84.978955,
        27.808558
       ],
       [
        84.978214,
        27.806477
       ],
       [
        84.97856,
        27.802985
       ],
       [
        84.98039,
        27.799877
       ],
       [
        84.982588,
        27.798245
       ],
       [
        84.981765,
        27.798882
       ],
       [
        84.981333,
        27.799694
       ],
       [
        84.983878,
        27.797594
       ],
       [
        84.984513,
        27.797321
       ],
       [
        84.986445,
        27.796782
       ],
       [
        84.988513,
        27.796656
       ],
       [
        84.988901,
        27.796698
       ],
       [
        84.990339,
        27.797109
       ],
       [
        84.990942,
        27.797384
       ],
       [
        84.991119,
        27.797529
       ],
       [
        84.990195,
        27.796766
       ],
       [
        84.99336,
        27.797706
       ],
       [
        84.996348,
        27.800009
       ],
       [
        84.998111,
        27.803148
       ],
       [
        84.998383,
        27.806644
       ],
       [
        84.997326,
        27.809427
       ],
       [
        84.999335,
        27.807898
       ],
       [
        84.998107,
        27.809826
       ],
       [
        84.997551,
        27.810289
       ],
       [
        84.999374,
        27.810894
       ],
       [
        85.000012,
        27.810899
       ],
       [
        84.99982,
        27.810696
       ],
       [
        84.999835,
        27.810655
       ],
       [
        85.000113,
        27.8109
       ],
       [
        85.001808,
        27.810912
       ],
       [
        85.001841,
        27.811363
       ],
       [
        85.000976,
        27.811659
       ],
       [
        85.00129,
        27.811935
       ],
       [
        85.001906,
        27.812265
       ],
       [
        85.001916,
        27.812391
       ],
       [
        85.001128,
        27.812081
       ],
       [
        85.001144,
        27.812098
       ],
       [
        85.001927,
        27.812545
       ],
       [
        85.001971,
        27.813149
       ],
       [
        85.002499,
        27.815239
       ],
       [
        85.003742,
        27.817609
       ],
       [
        85.00466,
        27.818806
       ],
       [
        85.00541,
        27.819642
       ],
       [
        85.005632,
        27.819913
       ],
       [
        85.005643,
        27.82001
       ],
       [
        85.00651,
        27.821703
       ],
       [
        85.00718,
        27.82261
       ],
       [
        85.007187,
        27.82266
       ],
       [
        85.007286,
        27.823376
       ],
       [
        85.007296,
        27.823416
       ],
       [
        85.007212,
        27.823894
       ],
       [
        85.007096,
        27.824996
       ],
       [
        85.007189,
        27.82716
       ],
       [
        85.007594,
        27.828816
       ],
       [
        85.008118,
        27.830258
       ],
       [
        85.009245,
        27.83233
       ],
       [
        85.010879,
        27.834261
       ],
       [
        85.011657,
        27.834971
       ],
       [
        85.010853,
        27.836169
       ],
       [
        85.009827,
        27.838348
       ],
       [
        85.009322,
        27.840045
       ],
       [
        85.009055,
        27.841379
       ],
       [
        85.009089,
        27.844165
       ],
       [
        85.010851,
        27.848096
       ],
       [
        85.014143,
        27.850818
       ],
       [
        85.015112,
        27.851188
       ],
       [
        85.017742,
        27.852966
       ],
       [
        85.019433,
        27.853762
       ],
       [
        85.0198,
        27.853917
       ],
       [
        85.020397,
        27.855586
       ],
       [
        85.021883,
        27.857711
       ],
       [
        85.022303,
        27.858227
       ],
       [
        85.022954,
        27.859183
       ],
       [
        85.025439,
        27.861456
       ],
       [
        85.029179,
        27.863054
       ],
       [
        85.033748,
        27.863281
       ],
       [
        85.034266,
        27.86313
       ],
       [
        85.035752,
        27.863988
       ],
       [
        85.037082,
        27.864651
       ],
       [
        85.039034,
        27.865316
       ],
       [
        85.041082,
        27.865665
       ],
       [
        85.044983,
        27.865465
       ],
       [
        85.048299,
        27.864268
       ],
       [
        85.049495,
        27.863507
       ],
       [
        85.050231,
        27.864682
       ],
       [
        85.053725,
        27.867393
       ],
       [
        85.058391,
        27.868259
       ],
       [
        85.05814,
        27.868899
       ],
       [
        85.058794,
        27.869004
       ],
       [
        85.059454,
        27.869071
       ],
       [
        85.060118,
        27.8691
       ],
       [
        85.061032,
        27.869074
       ],
       [
        85.062171,
        27.868978
       ],
       [
        85.062228,
        27.868971
       ],
       [
        85.06223,
        27.868971
       ],
       [
        85.062233,
        27.86897
       ],
       [
        85.06291,
        27.868883
       ],
       [
        85.063559,
        27.868758
       ],
       [
        85.064198,
        27.868596
       ],
       [
        85.064824,
        27.868397
       ],
       [
        85.065568,
        27.868102
       ],
       [
        85.066222,
        27.867804
       ],
       [
        85.066839,
        27.867489
       ],
       [
        85.067854,
        27.86691
       ],
       [
        85.069032,
        27.86616
       ],
       [
        85.069593,
        27.865765
       ],
       [
        85.070173,
        27.865292
       ],
       [
        85.070992,
        27.864547
       ],
       [
        85.071489,
        27.86403
       ],
       [
        85.072962,
        27.86334
       ],
       [
        85.072978,
        27.86333
       ],
       [
        85.073793,
        27.863692
       ],
       [
        85.074888,
        27.864147
       ],
       [
        85.075354,
        27.864314
       ],
       [
        85.076097,
        27.864679
       ],
       [
        85.077258,
        27.864791
       ],
       [
        85.077859,
        27.864882
       ],
       [
        85.078804,
        27.864987
       ],
       [
        85.079464,
        27.865003
       ],
       [
        85.08021,
        27.865075
       ],
       [
        85.080948,
        27.865183
       ],
       [
        85.083496,
        27.867656
       ],
       [
        85.084958,
        27.868154
       ],
       [
        85.085221,
        27.868282
       ],
       [
        85.085917,
        27.868579
       ],
       [
        85.086535,
        27.868795
       ],
       [
        85.087168,
        27.868976
       ],
       [
        85.087732,
        27.869101
       ],
       [
        85.088327,
        27.869304
       ],
       [
        85.08991,
        27.869395
       ],
       [
        85.09007,
        27.869414
       ],
       [
        85.091016,
        27.86947
       ],
       [
        85.091889,
        27.869447
       ],
       [
        85.093988,
        27.869271
       ],
       [
        85.094484,
        27.869205
       ],
       [
        85.095458,
        27.869121
       ],
       [
        85.095248,
        27.869103
       ],
       [
        85.095909,
        27.869014
       ],
       [
        85.09555,
        27.869113
       ],
       [
        85.097825,
        27.868898
       ],
       [
        85.09963,
        27.868602
       ],
       [
        85.102048,
        27.867893
       ],
       [
        85.102101,
        27.867867
       ],
       [
        85.102402,
        27.868439
       ],
       [
        85.102558,
        27.868727
       ],
       [
        85.102911,
        27.86974
       ],
       [
        85.103373,
        27.870849
       ],
       [
        85.103822,
        27.871728
       ],
       [
        85.104368,
        27.872566
       ],
       [
        85.105113,
        27.873536
       ],
       [
        85.106101,
        27.874668
       ],
       [
        85.106668,
        27.875235
       ],
       [
        85.107315,
        27.875776
       ],
       [
        85.108589,
        27.876711
       ],
       [
        85.110134,
        27.877725
       ],
       [
        85.111201,
        27.878368
       ],
       [
        85.112049,
        27.878806
       ],
       [
        85.112801,
        27.879113
       ],
       [
        85.113014,
        27.879189
       ],
       [
        85.113476,
        27.879409
       ],
       [
        85.113967,
        27.879701
       ],
       [
        85.114117,
        27.879807
       ],
       [
        85.115525,
        27.880881
       ],
       [
        85.11584,
        27.881935
       ],
       [
        85.116166,
        27.882899
       ],
       [
        85.116413,
        27.88352
       ],
       [
        85.116746,
        27.884184
       ],
       [
        85.117271,
        27.885094
       ],
       [
        85.117824,
        27.885906
       ],
       [
        85.118296,
        27.886504
       ],
       [
        85.118855,
        27.887227
       ],
       [
        85.119589,
        27.888037
       ],
       [
        85.120439,
        27.888834
       ],
       [
        85.121311,
        27.889582
       ],
       [
        85.122282,
        27.89042
       ],
       [
        85.123734,
        27.891547
       ],
       [
        85.124446,
        27.89203
       ],
       [
        85.125155,
        27.892425
       ],
       [
        85.125676,
        27.892789
       ],
       [
        85.125675,
        27.892804
       ],
       [
        85.12555,
        27.893662
       ],
       [
        85.125566,
        27.894121
       ],
       [
        85.125549,
        27.895112
       ],
       [
        85.125632,
        27.896145
       ],
       [
        85.12564,
        27.896191
       ],
       [
        85.125666,
        27.896914
       ],
       [
        85.125987,
        27.897841
       ],
       [
        85.126102,
        27.898301
       ],
       [
        85.12631,
        27.898959
       ],
       [
        85.126577,
        27.899827
       ],
       [
        85.12679,
        27.901262
       ],
       [
        85.127059,
        27.902324
       ],
       [
        85.127225,
        27.902737
       ],
       [
        85.127316,
        27.903301
       ],
       [
        85.127629,
        27.903657
       ],
       [
        85.127944,
        27.90423
       ],
       [
        85.128408,
        27.9049
       ],
       [
        85.128968,
        27.905978
       ],
       [
        85.128385,
        27.906572
       ],
       [
        85.127865,
        27.90694
       ],
       [
        85.127373,
        27.907337
       ],
       [
        85.126826,
        27.907847
       ],
       [
        85.126249,
        27.908447
       ],
       [
        85.125724,
        27.909062
       ],
       [
        85.125203,
        27.909816
       ],
       [
        85.124636,
        27.910883
       ],
       [
        85.124231,
        27.912007
       ],
       [
        85.124001,
        27.913109
       ],
       [
        85.123903,
        27.913929
       ],
       [
        85.123842,
        27.915105
       ],
       [
        85.123952,
        27.916281
       ],
       [
        85.124234,
        27.917433
       ],
       [
        85.124683,
        27.918544
       ],
       [
        85.125291,
        27.919593
       ],
       [
        85.126048,
        27.920562
       ],
       [
        85.126711,
        27.921241
       ],
       [
        85.127153,
        27.921651
       ],
       [
        85.12741,
        27.92195
       ],
       [
        85.12784,
        27.922227
       ],
       [
        85.128284,
        27.922557
       ],
       [
        85.128938,
        27.922993
       ],
       [
        85.129678,
        27.923429
       ],
       [
        85.129806,
        27.92349
       ],
       [
        85.130037,
        27.923639
       ],
       [
        85.130831,
        27.924026
       ],
       [
        85.130619,
        27.923868
       ],
       [
        85.131503,
        27.924235
       ],
       [
        85.132316,
        27.924523
       ],
       [
        85.133542,
        27.92489
       ],
       [
        85.134287,
        27.925138
       ],
       [
        85.134484,
        27.925333
       ],
       [
        85.134543,
        27.925408
       ],
       [
        85.135455,
        27.926328
       ],
       [
        85.135917,
        27.926702
       ],
       [
        85.135969,
        27.926755
       ],
       [
        85.137351,
        27.927753
       ],
       [
        85.138062,
        27.928076
       ],
       [
        85.138533,
        27.928409
       ],
       [
        85.138538,
        27.92925
       ],
       [
        85.138609,
        27.929957
       ],
       [
        85.1388,
        27.930989
       ],
       [
        85.139166,
        27.932123
       ],
       [
        85.139677,
        27.933175
       ],
       [
        85.139961,
        27.934333
       ],
       [
        85.140243,
        27.935486
       ],
       [
        85.140676,
        27.936588
       ],
       [
        85.141155,
        27.93753
       ],
       [
        85.141839,
        27.938542
       ],
       [
        85.142443,
        27.939246
       ],
       [
        85.14289,
        27.939683
       ],
       [
        85.143425,
        27.940138
       ],
       [
        85.144013,
        27.94059
       ],
       [
        85.144745,
        27.941087
       ],
       [
        85.144755,
        27.941092
       ],
       [
        85.145147,
        27.941391
       ],
       [
        85.145754,
        27.941627
       ],
       [
        85.145885,
        27.941692
       ],
       [
        85.146487,
        27.941944
       ],
       [
        85.147106,
        27.942161
       ],
       [
        85.147175,
        27.942181
       ],
       [
        85.148527,
        27.942707
       ],
       [
        85.148857,
        27.943187
       ],
       [
        85.149612,
        27.944147
       ],
       [
        85.149916,
        27.945101
       ],
       [
        85.150365,
        27.946212
       ],
       [
        85.150506,
        27.946493
       ],
       [
        85.150517,
        27.946542
       ],
       [
        85.150891,
        27.947258
       ],
       [
        85.15093,
        27.947335
       ],
       [
        85.15131,
        27.948131
       ],
       [
        85.151764,
        27.948933
       ],
       [
        85.151802,
        27.948998
       ],
       [
        85.152221,
        27.949798
       ],
       [
        85.1523,
        27.949898
       ],
       [
        85.152329,
        27.950658
       ],
       [
        85.152163,
        27.951473
       ],
       [
        85.151947,
        27.953069
       ],
       [
        85.1519,
        27.954135
       ],
       [
        85.151961,
        27.955019
       ],
       [
        85.152089,
        27.955734
       ],
       [
        85.152342,
        27.95678
       ],
       [
        85.152679,
        27.957783
       ],
       [
        85.153209,
        27.958864
       ],
       [
        85.15321,
        27.958866
       ],
       [
        85.153335,
        27.959625
       ],
       [
        85.154702,
        27.960815
       ],
       [
        85.154805,
        27.96093
       ],
       [
        85.155369,
        27.961494
       ],
       [
        85.155847,
        27.961904
       ],
       [
        85.156355,
        27.962285
       ],
       [
        85.156494,
        27.962373
       ],
       [
        85.157172,
        27.962963
       ],
       [
        85.158081,
        27.963302
       ],
       [
        85.158698,
        27.963608
       ],
       [
        85.159142,
        27.96388
       ],
       [
        85.159181,
        27.963983
       ],
       [
        85.160074,
        27.965898
       ],
       [
        85.162265,
        27.968701
       ],
       [
        85.166144,
        27.971172
       ],
       [
        85.168722,
        27.972049
       ],
       [
        85.169177,
        27.972785
       ],
       [
        85.169756,
        27.973557
       ],
       [
        85.170303,
        27.974196
       ],
       [
        85.170782,
        27.974732
       ],
       [
        85.171573,
        27.975491
       ],
       [
        85.17165,
        27.976275
       ],
       [
        85.171295,
        27.976972
       ],
       [
        85.170619,
        27.978642
       ],
       [
        85.17057,
        27.97892
       ],
       [
        85.170543,
        27.978998
       ],
       [
        85.170292,
        27.979956
       ],
       [
        85.170144,
        27.981056
       ],
       [
        85.17013,
        27.98142
       ],
       [
        85.170102,
        27.981576
       ],
       [
        85.170115,
        27.981798
       ],
       [
        85.170096,
        27.982277
       ],
       [
        85.170132,
        27.983222
       ],
       [
        85.170258,
        27.984539
       ],
       [
        85.17012,
        27.985276
       ],
       [
        85.169927,
        27.986848
       ],
       [
        85.169888,
        27.987855
       ],
       [
        85.169957,
        27.988793
       ],
       [
        85.170082,
        27.989611
       ],
       [
        85.170357,
        27.990708
       ],
       [
        85.170806,
        27.991819
       ],
       [
        85.171363,
        27.992794
       ],
       [
        85.171895,
        27.993554
       ],
       [
        85.172134,
        27.994444
       ],
       [
        85.172183,
        27.994645
       ],
       [
        85.172297,
        27.99526
       ],
       [
        85.172382,
        27.995455
       ],
       [
        85.172417,
        27.995597
       ],
       [
        85.172866,
        27.996707
       ],
       [
        85.173116,
        27.997139
       ],
       [
        85.17318,
        27.997285
       ],
       [
        85.173268,
        27.997401
       ],
       [
        85.173465,
        27.997742
       ],
       [
        85.174113,
        27.998695
       ],
       [
        85.174045,
        27.999181
       ],
       [
        85.173929,
        27.999527
       ],
       [
        85.173652,
        28.000946
       ],
       [
        85.173616,
        28.002396
       ],
       [
        85.173792,
        28.003734
       ],
       [
        85.173806,
        28.003977
       ],
       [
        85.173577,
        28.004885
       ],
       [
        85.173421,
        28.005759
       ],
       [
        85.173352,
        28.006799
       ],
       [
        85.17339,
        28.008264
       ],
       [
        85.173387,
        28.008463
       ],
       [
        85.173473,
        28.009773
       ],
       [
        85.173533,
        28.010157
       ],
       [
        85.173536,
        28.010415
       ],
       [
        85.173517,
        28.01124
       ],
       [
        85.173562,
        28.011976
       ],
       [
        85.173652,
        28.012812
       ],
       [
        85.173918,
        28.014015
       ],
       [
        85.174286,
        28.015081
       ],
       [
        85.174572,
        28.015734
       ],
       [
        85.174739,
        28.01609
       ],
       [
        85.175036,
        28.016702
       ],
       [
        85.175151,
        28.017075
       ],
       [
        85.175426,
        28.017738
       ],
       [
        85.175882,
        28.018776
       ],
       [
        85.175627,
        28.019755
       ],
       [
        85.175454,
        28.020698
       ],
       [
        85.175384,
        28.021692
       ],
       [
        85.175403,
        28.023161
       ],
       [
        85.175514,
        28.024225
       ],
       [
        85.175777,
        28.025325
       ],
       [
        85.176238,
        28.026668
       ],
       [
        85.176615,
        28.027548
       ],
       [
        85.177053,
        28.028344
       ],
       [
        85.177468,
        28.028947
       ],
       [
        85.178386,
        28.030133
       ],
       [
        85.179023,
        28.030847
       ],
       [
        85.179681,
        28.03149
       ],
       [
        85.180277,
        28.032012
       ],
       [
        85.180785,
        28.032393
       ],
       [
        85.18132,
        28.032744
       ],
       [
        85.18188,
        28.033064
       ],
       [
        85.182462,
        28.03335
       ],
       [
        85.183064,
        28.033601
       ],
       [
        85.183602,
        28.033789
       ],
       [
        85.183642,
        28.033867
       ],
       [
        85.183662,
        28.033892
       ],
       [
        85.183586,
        28.034793
       ],
       [
        85.183522,
        28.036284
       ],
       [
        85.183353,
        28.037391
       ],
       [
        85.183349,
        28.03805
       ],
       [
        85.183433,
        28.039486
       ],
       [
        85.183794,
        28.04137
       ],
       [
        85.183938,
        28.041719
       ],
       [
        85.18415,
        28.042559
       ],
       [
        85.1846,
        28.043669
       ],
       [
        85.185038,
        28.044465
       ],
       [
        85.185412,
        28.045014
       ],
       [
        85.186473,
        28.046422
       ],
       [
        85.187046,
        28.047084
       ],
       [
        85.187494,
        28.047521
       ],
       [
        85.187973,
        28.047931
       ],
       [
        85.188532,
        28.048348
       ],
       [
        85.1916,
        28.050438
       ],
       [
        85.192516,
        28.051201
       ],
       [
        85.192803,
        28.051937
       ],
       [
        85.19286,
        28.052175
       ],
       [
        85.193648,
        28.053772
       ],
       [
        85.193924,
        28.054214
       ],
       [
        85.194423,
        28.054917
       ],
       [
        85.196459,
        28.056898
       ],
       [
        85.197308,
        28.057476
       ],
       [
        85.197293,
        28.057475
       ],
       [
        85.197704,
        28.057827
       ],
       [
        85.197796,
        28.057898
       ],
       [
        85.19808,
        28.058163
       ],
       [
        85.197865,
        28.059246
       ],
       [
        85.19776,
        28.060064
       ],
       [
        85.197699,
        28.06023
       ],
       [
        85.197745,
        28.060078
       ],
       [
        85.197593,
        28.060394
       ],
       [
        85.197228,
        28.060835
       ],
       [
        85.196668,
        28.061621
       ],
       [
        85.195894,
        28.063084
       ],
       [
        85.195589,
        28.063879
       ],
       [
        85.195195,
        28.065168
       ],
       [
        85.194949,
        28.066944
       ],
       [
        85.194942,
        28.068019
       ],
       [
        85.194987,
        28.068925
       ],
       [
        85.195157,
        28.070154
       ],
       [
        85.19557,
        28.071545
       ],
       [
        85.196028,
        28.072535
       ],
       [
        85.196962,
        28.07396
       ],
       [
        85.198266,
        28.075303
       ],
       [
        85.198673,
        28.075585
       ],
       [
        85.198749,
        28.075815
       ],
       [
        85.199199,
        28.076925
       ],
       [
        85.199637,
        28.07772
       ],
       [
        85.200127,
        28.078417
       ],
       [
        85.20106,
        28.079573
       ],
       [
        85.201518,
        28.080087
       ],
       [
        85.201747,
        28.08031
       ],
       [
        85.20202,
        28.080595
       ],
       [
        85.202356,
        28.080858
       ],
       [
        85.202445,
        28.080934
       ],
       [
        85.20264,
        28.08108
       ],
       [
        85.203612,
        28.081842
       ],
       [
        85.204456,
        28.082338
       ],
       [
        85.206573,
        28.083215
       ],
       [
        85.20713,
        28.083356
       ],
       [
        85.206703,
        28.083087
       ],
       [
        85.207227,
        28.083271
       ],
       [
        85.208245,
        28.083878
       ],
       [
        85.209465,
        28.084789
       ],
       [
        85.210352,
        28.085658
       ],
       [
        85.211434,
        28.086748
       ],
       [
        85.212183,
        28.087402
       ],
       [
        85.213196,
        28.088173
       ],
       [
        85.213899,
        28.088647
       ],
       [
        85.214646,
        28.089061
       ],
       [
        85.216312,
        28.089863
       ],
       [
        85.216666,
        28.09012
       ],
       [
        85.218498,
        28.090959
       ],
       [
        85.218597,
        28.090993
       ],
       [
        85.218816,
        28.091138
       ],
       [
        85.219833,
        28.091718
       ],
       [
        85.220014,
        28.091799
       ],
       [
        85.220182,
        28.091995
       ],
       [
        85.22106,
        28.09295
       ],
       [
        85.221566,
        28.093448
       ],
       [
        85.222045,
        28.093857
       ],
       [
        85.222808,
        28.094406
       ],
       [
        85.22346,
        28.094816
       ],
       [
        85.223629,
        28.095015
       ],
       [
        85.224872,
        28.096056
       ],
       [
        85.226085,
        28.096858
       ],
       [
        85.226273,
        28.096948
       ],
       [
        85.226446,
        28.097066
       ],
       [
        85.227006,
        28.097385
       ],
       [
        85.227677,
        28.09771
       ],
       [
        85.229057,
        28.098302
       ],
       [
        85.22989,
        28.098604
       ],
       [
        85.230628,
        28.098809
       ],
       [
        85.231815,
        28.099084
       ],
       [
        85.232644,
        28.099367
       ],
       [
        85.234398,
        28.099888
       ],
       [
        85.236505,
        28.100231
       ],
       [
        85.237897,
        28.10033
       ],
       [
        85.238602,
        28.100636
       ],
       [
        85.239222,
        28.100852
       ],
       [
        85.239856,
        28.101031
       ],
       [
        85.240503,
        28.101174
       ],
       [
        85.241385,
        28.101303
       ],
       [
        85.241528,
        28.101316
       ],
       [
        85.241873,
        28.101381
       ],
       [
        85.243565,
        28.101492
       ],
       [
        85.244362,
        28.101472
       ],
       [
        85.244545,
        28.101468
       ],
       [
        85.245159,
        28.101503
       ],
       [
        85.246322,
        28.101578
       ],
       [
        85.247601,
        28.101628
       ],
       [
        85.248193,
        28.10164
       ],
       [
        85.249092,
        28.102181
       ],
       [
        85.250562,
        28.102891
       ],
       [
        85.252495,
        28.103582
       ],
       [
        85.254468,
        28.103988
       ],
       [
        85.255197,
        28.104087
       ],
       [
        85.255414,
        28.104121
       ],
       [
        85.255322,
        28.104062
       ],
       [
        85.255105,
        28.10387
       ],
       [
        85.255619,
        28.104281
       ],
       [
        85.255782,
        28.104551
       ],
       [
        85.256151,
        28.104986
       ],
       [
        85.256339,
        28.105246
       ],
       [
        85.256944,
        28.10595
       ],
       [
        85.257398,
        28.106392
       ],
       [
        85.258279,
        28.107188
       ],
       [
        85.258528,
        28.107429
       ],
       [
        85.258664,
        28.107597
       ],
       [
        85.258991,
        28.107951
       ],
       [
        85.259664,
        28.108626
       ],
       [
        85.26205,
        28.110255
       ],
       [
        85.262747,
        28.110483
       ],
       [
        85.263277,
        28.110723
       ],
       [
        85.264177,
        28.112096
       ],
       [
        85.265085,
        28.113047
       ],
       [
        85.266002,
        28.113803
       ],
       [
        85.2674,
        28.114697
       ],
       [
        85.268297,
        28.115105
       ],
       [
        85.268197,
        28.115054
       ],
       [
        85.268052,
        28.114856
       ],
       [
        85.268402,
        28.115028
       ],
       [
        85.269004,
        28.115633
       ],
       [
        85.26969,
        28.11649
       ],
       [
        85.270346,
        28.117157
       ],
       [
        85.270826,
        28.117567
       ],
       [
        85.271334,
        28.117948
       ],
       [
        85.27187,
        28.118299
       ],
       [
        85.272431,
        28.118618
       ],
       [
        85.273014,
        28.118904
       ],
       [
        85.273606,
        28.119313
       ],
       [
        85.273623,
        28.119342
       ],
       [
        85.273603,
        28.119327
       ],
       [
        85.274127,
        28.12084
       ],
       [
        85.275452,
        28.122357
       ],
       [
        85.277284,
        28.123636
       ],
       [
        85.275974,
        28.122429
       ],
       [
        85.275877,
        28.122324
       ],
       [
        85.2773,
        28.123561
       ],
       [
        85.278492,
        28.124198
       ],
       [
        85.278863,
        28.12444
       ],
       [
        85.279138,
        28.124606
       ],
       [
        85.278495,
        28.124328
       ],
       [
        85.279998,
        28.125127
       ],
       [
        85.280033,
        28.125139
       ],
       [
        85.280672,
        28.125489
       ],
       [
        85.28113,
        28.125931
       ],
       [
        85.281578,
        28.126368
       ],
       [
        85.282259,
        28.12693
       ],
       [
        85.283202,
        28.127679
       ],
       [
        85.283222,
        28.127707
       ],
       [
        85.283619,
        28.128055
       ],
       [
        85.284074,
        28.128517
       ],
       [
        85.284718,
        28.129053
       ],
       [
        85.284988,
        28.129252
       ],
       [
        85.285159,
        28.129402
       ],
       [
        85.285255,
        28.12945
       ],
       [
        85.285442,
        28.129588
       ],
       [
        85.28619,
        28.130178
       ],
       [
        85.286841,
        28.130838
       ],
       [
        85.287453,
        28.13135
       ],
       [
        85.288484,
        28.13212
       ],
       [
        85.289142,
        28.132559
       ],
       [
        85.289378,
        28.132688
       ],
       [
        85.289415,
        28.132713
       ],
       [
        85.289587,
        28.132802
       ],
       [
        85.28995,
        28.133001
       ],
       [
        85.290166,
        28.133138
       ],
       [
        85.290228,
        28.133218
       ],
       [
        85.290917,
        28.133915
       ],
       [
        85.291066,
        28.134465
       ],
       [
        85.291518,
        28.135575
       ],
       [
        85.291957,
        28.13637
       ],
       [
        85.292019,
        28.136459
       ],
       [
        85.292521,
        28.137674
       ],
       [
        85.293652,
        28.138655
       ],
       [
        85.29375,
        28.138927
       ],
       [
        85.294607,
        28.139624
       ],
       [
        85.29578,
        28.141904
       ],
       [
        85.296723,
        28.143137
       ],
       [
        85.296956,
        28.143471
       ],
       [
        85.297385,
        28.144023
       ],
       [
        85.297484,
        28.144132
       ],
       [
        85.298135,
        28.144982
       ],
       [
        85.300285,
        28.146984
       ],
       [
        85.301127,
        28.147641
       ],
       [
        85.301082,
        28.14762
       ],
       [
        85.303013,
        28.149043
       ],
       [
        85.304472,
        28.149784
       ],
       [
        85.304533,
        28.149879
       ],
       [
        85.305438,
        28.150911
       ],
       [
        85.306423,
        28.151783
       ],
       [
        85.307437,
        28.152504
       ],
       [
        85.308487,
        28.1531
       ],
       [
        85.309541,
        28.153581
       ],
       [
        85.310638,
        28.153951
       ],
       [
        85.310653,
        28.153966
       ],
       [
        85.312884,
        28.155464
       ],
       [
        85.313704,
        28.155789
       ],
       [
        85.313238,
        28.155461
       ],
       [
        85.312785,
        28.155011
       ],
       [
        85.313275,
        28.155288
       ],
       [
        85.314288,
        28.155821
       ],
       [
        85.315512,
        28.156744
       ],
       [
        85.316186,
        28.157205
       ],
       [
        85.315676,
        28.156973
       ],
       [
        85.316629,
        28.157766
       ],
       [
        85.318892,
        28.158885
       ],
       [
        85.319538,
        28.15906
       ],
       [
        85.319878,
        28.159444
       ],
       [
        85.321158,
        28.160463
       ],
       [
        85.321262,
        28.160525
       ],
       [
        85.32167,
        28.16095
       ],
       [
        85.322283,
        28.161499
       ],
       [
        85.322451,
        28.161666
       ],
       [
        85.323102,
        28.16224
       ],
       [
        85.323156,
        28.16228
       ],
       [
        85.323233,
        28.162348
       ],
       [
        85.32389,
        28.162912
       ],
       [
        85.324664,
        28.163519
       ],
       [
        85.325676,
        28.164172
       ],
       [
        85.32612,
        28.164401
       ],
       [
        85.326547,
        28.164824
       ],
       [
        85.328208,
        28.166057
       ],
       [
        85.328462,
        28.166165
       ],
       [
        85.32863,
        28.16649
       ],
       [
        85.329706,
        28.167975
       ],
       [
        85.331477,
        28.16957
       ],
       [
        85.33239,
        28.170135
       ],
       [
        85.332441,
        28.170199
       ],
       [
        85.332504,
        28.1705
       ],
       [
        85.332474,
        28.1714
       ],
       [
        85.33247,
        28.171544
       ],
       [
        85.332483,
        28.172134
       ],
       [
        85.332516,
        28.172478
       ],
       [
        85.332492,
        28.173378
       ],
       [
        85.332648,
        28.174132
       ],
       [
        85.332641,
        28.174173
       ],
       [
        85.332566,
        28.17476
       ],
       [
        85.332536,
        28.17535
       ],
       [
        85.332535,
        28.175573
       ],
       [
        85.332556,
        28.17727
       ],
       [
        85.332561,
        28.17747
       ],
       [
        85.332574,
        28.177811
       ],
       [
        85.332475,
        28.178728
       ],
       [
        85.332419,
        28.179554
       ],
       [
        85.332418,
        28.18054
       ],
       [
        85.332534,
        28.18166
       ],
       [
        85.332585,
        28.181948
       ],
       [
        85.332599,
        28.182094
       ],
       [
        85.332699,
        28.182678
       ],
       [
        85.332841,
        28.183255
       ],
       [
        85.333026,
        28.183822
       ],
       [
        85.333252,
        28.184378
       ],
       [
        85.333435,
        28.184759
       ],
       [
        85.334069,
        28.186001
       ],
       [
        85.334122,
        28.186107
       ],
       [
        85.334146,
        28.186198
       ],
       [
        85.334865,
        28.187848
       ],
       [
        85.335902,
        28.189607
       ],
       [
        85.336119,
        28.18987
       ],
       [
        85.33613,
        28.189915
       ],
       [
        85.336315,
        28.190483
       ],
       [
        85.336539,
        28.191034
       ],
       [
        85.336876,
        28.191973
       ],
       [
        85.338627,
        28.194379
       ],
       [
        85.338918,
        28.194594
       ],
       [
        85.339198,
        28.195094
       ],
       [
        85.339498,
        28.196375
       ],
       [
        85.340214,
        28.197533
       ],
       [
        85.340283,
        28.197706
       ],
       [
        85.340432,
        28.198057
       ],
       [
        85.340519,
        28.198245
       ],
       [
        85.340633,
        28.198483
       ],
       [
        85.340834,
        28.199199
       ],
       [
        85.342291,
        28.201872
       ],
       [
        85.342612,
        28.202222
       ],
       [
        85.342966,
        28.203982
       ],
       [
        85.343181,
        28.204907
       ],
       [
        85.343719,
        28.206836
       ],
       [
        85.34414,
        28.207569
       ],
       [
        85.344097,
        28.20825
       ],
       [
        85.344049,
        28.208627
       ],
       [
        85.344018,
        28.209217
       ],
       [
        85.344022,
        28.20941
       ],
       [
        85.343999,
        28.209776
       ],
       [
        85.344062,
        28.210247
       ],
       [
        85.344083,
        28.210538
       ],
       [
        85.344089,
        28.210665
       ],
       [
        85.344019,
        28.211611
       ],
       [
        85.344551,
        28.213859
       ],
       [
        85.344462,
        28.214713
       ],
       [
        85.344488,
        28.216456
       ],
       [
        85.344733,
        28.217645
       ],
       [
        85.344831,
        28.218101
       ],
       [
        85.34518,
        28.218667
       ],
       [
        85.345292,
        28.219013
       ],
       [
        85.345519,
        28.219569
       ],
       [
        85.345785,
        28.22011
       ],
       [
        85.346092,
        28.220634
       ],
       [
        85.346436,
        28.22114
       ],
       [
        85.346804,
        28.221609
       ],
       [
        85.347061,
        28.221915
       ],
       [
        85.347776,
        28.222945
       ],
       [
        85.348249,
        28.223429
       ],
       [
        85.348065,
        28.223259
       ],
       [
        85.348859,
        28.224271
       ],
       [
        85.349014,
        28.224498
       ],
       [
        85.349395,
        28.224983
       ],
       [
        85.349481,
        28.225084
       ],
       [
        85.350338,
        28.226072
       ],
       [
        85.350667,
        28.226432
       ],
       [
        85.350857,
        28.226617
       ],
       [
        85.350784,
        28.227729
       ],
       [
        85.350864,
        28.227978
       ],
       [
        85.350739,
        28.228448
       ],
       [
        85.350714,
        28.228518
       ],
       [
        85.350554,
        28.229091
       ],
       [
        85.350511,
        28.229304
       ],
       [
        85.350331,
        28.229977
       ],
       [
        85.350266,
        28.230694
       ],
       [
        85.35016,
        28.230891
       ],
       [
        85.349386,
        28.231864
       ],
       [
        85.349104,
        28.233105
       ],
       [
        85.34909,
        28.233127
       ],
       [
        85.348806,
        28.233662
       ],
       [
        85.348563,
        28.234211
       ],
       [
        85.348544,
        28.234262
       ],
       [
        85.348128,
        28.234917
       ],
       [
        85.347741,
        28.238125
       ],
       [
        85.347918,
        28.239129
       ],
       [
        85.347936,
        28.239313
       ],
       [
        85.348006,
        28.23975
       ],
       [
        85.348026,
        28.239854
       ],
       [
        85.348017,
        28.240282
       ],
       [
        85.348016,
        28.240323
       ],
       [
        85.348016,
        28.240393
       ],
       [
        85.348015,
        28.240493
       ],
       [
        85.348006,
        28.240612
       ],
       [
        85.347961,
        28.241974
       ],
       [
        85.347967,
        28.242012
       ],
       [
        85.347962,
        28.242159
       ],
       [
        85.347975,
        28.24275
       ],
       [
        85.348031,
        28.243338
       ],
       [
        85.348131,
        28.243922
       ],
       [
        85.348273,
        28.244499
       ],
       [
        85.348452,
        28.245048
       ],
       [
        85.34866,
        28.245621
       ],
       [
        85.348667,
        28.24564
       ],
       [
        85.348893,
        28.246195
       ],
       [
        85.34916,
        28.246736
       ],
       [
        85.349466,
        28.247261
       ],
       [
        85.349811,
        28.247766
       ],
       [
        85.34988,
        28.24786
       ],
       [
        85.35029,
        28.248404
       ],
       [
        85.350601,
        28.248795
       ],
       [
        85.351017,
        28.249257
       ],
       [
        85.351452,
        28.249681
       ],
       [
        85.352016,
        28.250196
       ],
       [
        85.35203,
        28.250208
       ],
       [
        85.352511,
        28.250618
       ],
       [
        85.35302,
        28.250998
       ],
       [
        85.353557,
        28.251349
       ],
       [
        85.354032,
        28.251621
       ],
       [
        85.354435,
        28.251839
       ],
       [
        85.354438,
        28.252073
       ],
       [
        85.354451,
        28.25244
       ],
       [
        85.354504,
        28.253002
       ],
       [
        85.354607,
        28.253795
       ],
       [
        85.354611,
        28.253822
       ],
       [
        85.35471,
        28.254406
       ],
       [
        85.354853,
        28.254982
       ],
       [
        85.354853,
        28.254983
       ],
       [
        85.35488,
        28.255255
       ],
       [
        85.354911,
        28.255518
       ],
       [
        85.354937,
        28.255699
       ],
       [
        85.35495,
        28.255781
       ],
       [
        85.355055,
        28.25673
       ],
       [
        85.355175,
        28.257129
       ],
       [
        85.355304,
        28.257806
       ],
       [
        85.355298,
        28.258241
       ],
       [
        85.355442,
        28.258658
       ],
       [
        85.355531,
        28.259108
       ],
       [
        85.355548,
        28.259192
       ],
       [
        85.35569,
        28.259769
       ],
       [
        85.355875,
        28.260336
       ],
       [
        85.356102,
        28.260892
       ],
       [
        85.356191,
        28.261083
       ],
       [
        85.356413,
        28.261547
       ],
       [
        85.356483,
        28.261685
       ],
       [
        85.356729,
        28.2624
       ],
       [
        85.357164,
        28.262812
       ],
       [
        85.357242,
        28.262926
       ],
       [
        85.357623,
        28.263411
       ],
       [
        85.358039,
        28.263873
       ],
       [
        85.358414,
        28.26424
       ],
       [
        85.358837,
        28.264633
       ],
       [
        85.358912,
        28.264702
       ],
       [
        85.359392,
        28.265112
       ],
       [
        85.359902,
        28.265492
       ],
       [
        85.360439,
        28.265843
       ],
       [
        85.361,
        28.266161
       ],
       [
        85.361584,
        28.266447
       ],
       [
        85.362188,
        28.266698
       ],
       [
        85.362809,
        28.266913
       ],
       [
        85.362921,
        28.266946
       ],
       [
        85.362925,
        28.266957
       ],
       [
        85.363151,
        28.267513
       ],
       [
        85.363207,
        28.267627
       ],
       [
        85.363561,
        28.268662
       ],
       [
        85.364105,
        28.269228
       ],
       [
        85.36432,
        28.269544
       ],
       [
        85.364701,
        28.270028
       ],
       [
        85.365117,
        28.27049
       ],
       [
        85.365566,
        28.270926
       ],
       [
        85.365569,
        28.270929
       ],
       [
        85.366291,
        28.271585
       ],
       [
        85.366769,
        28.271992
       ],
       [
        85.367015,
        28.272176
       ],
       [
        85.367053,
        28.272254
       ],
       [
        85.36707,
        28.272284
       ],
       [
        85.367321,
        28.272746
       ],
       [
        85.367467,
        28.272994
       ],
       [
        85.367369,
        28.273603
       ],
       [
        85.367025,
        28.274581
       ],
       [
        85.366948,
        28.27481
       ],
       [
        85.366787,
        28.275384
       ],
       [
        85.36667,
        28.275965
       ],
       [
        85.366595,
        28.276552
       ],
       [
        85.366577,
        28.276905
       ],
       [
        85.366471,
        28.276968
       ],
       [
        85.366575,
        28.276948
       ],
       [
        85.366566,
        28.277124
       ],
       [
        85.366423,
        28.277128
       ],
       [
        85.366149,
        28.277227
       ],
       [
        85.365245,
        28.277703
       ],
       [
        85.366194,
        28.277135
       ],
       [
        85.365723,
        28.277148
       ],
       [
        85.36577,
        28.277103
       ],
       [
        85.36615,
        28.27703
       ],
       [
        85.36447,
        28.276853
       ],
       [
        85.365456,
        28.276772
       ],
       [
        85.364946,
        28.276665
       ],
       [
        85.3634,
        28.276478
       ],
       [
        85.363848,
        28.276458
       ],
       [
        85.364048,
        28.276478
       ],
       [
        85.363035,
        28.276266
       ],
       [
        85.360288,
        28.276594
       ],
       [
        85.362572,
        28.276822
       ],
       [
        85.361901,
        28.276805
       ],
       [
        85.35889,
        28.277334
       ],
       [
        85.361089,
        28.277599
       ],
       [
        85.364526,
        28.279367
       ],
       [
        85.366932,
        28.282159
       ],
       [
        85.367943,
        28.285549
       ],
       [
        85.367402,
        28.289022
       ],
       [
        85.365394,
        28.292048
       ],
       [
        85.3624,
        28.29405
       ],
       [
        85.365442,
        28.293677
       ],
       [
        85.370373,
        28.290232
       ],
       [
        85.36998,
        28.290787
       ],
       [
        85.366071,
        28.293749
       ],
       [
        85.362808,
        28.294337
       ],
       [
        85.363572,
        28.294422
       ],
       [
        85.36314,
        28.294442
       ],
       [
        85.362557,
        28.294382
       ],
       [
        85.3625,
        28.294392
       ],
       [
        85.364204,
        28.294575
       ],
       [
        85.36602,
        28.294909
       ],
       [
        85.369797,
        28.294752
       ],
       [
        85.370679,
        28.294544
       ],
       [
        85.371153,
        28.294466
       ],
       [
        85.371596,
        28.294376
       ],
       [
        85.373562,
        28.293946
       ],
       [
        85.375891,
        28.293013
       ],
       [
        85.376644,
        28.292574
       ],
       [
        85.378191,
        28.29202
       ],
       [
        85.381309,
        28.290198
       ],
       [
        85.384649,
        28.286929
       ],
       [
        85.386305,
        28.283567
       ],
       [
        85.386637,
        28.282062
       ],
       [
        85.386653,
        28.28222
       ],
       [
        85.387161,
        28.280483
       ],
       [
        85.387169,
        28.280292
       ],
       [
        85.387172,
        28.280281
       ],
       [
        85.387266,
        28.279835
       ],
       [
        85.387278,
        28.27977
       ],
       [
        85.387302,
        28.279634
       ],
       [
        85.387376,
        28.279047
       ],
       [
        85.387407,
        28.278458
       ],
       [
        85.387394,
        28.277867
       ],
       [
        85.387361,
        28.277515
       ],
       [
        85.387546,
        28.276185
       ],
       [
        85.387724,
        28.275076
       ],
       [
        85.387767,
        28.274736
       ],
       [
        85.387844,
        28.274544
       ],
       [
        85.387825,
        28.274012
       ],
       [
        85.38788,
        28.272856
       ],
       [
        85.387889,
        28.272592
       ],
       [
        85.387888,
        28.272319
       ],
       [
        85.387865,
        28.271096
       ],
       [
        85.387852,
        28.27078
       ],
       [
        85.387796,
        28.270191
       ],
       [
        85.387696,
        28.269607
       ],
       [
        85.387642,
        28.269388
       ],
       [
        85.387466,
        28.268048
       ],
       [
        85.386942,
        28.267041
       ],
       [
        85.386862,
        28.266834
       ],
       [
        85.386738,
        28.266526
       ],
       [
        85.386609,
        28.266224
       ],
       [
        85.386342,
        28.265682
       ],
       [
        85.386035,
        28.265158
       ],
       [
        85.385729,
        28.264705
       ],
       [
        85.385722,
        28.264696
       ],
       [
        85.385718,
        28.264686
       ],
       [
        85.385604,
        28.26442
       ],
       [
        85.385463,
        28.264124
       ],
       [
        85.385271,
        28.263737
       ],
       [
        85.385139,
        28.263286
       ],
       [
        85.384742,
        28.262724
       ],
       [
        85.384571,
        28.262432
       ],
       [
        85.384227,
        28.261927
       ],
       [
        85.383845,
        28.261442
       ],
       [
        85.383799,
        28.261391
       ],
       [
        85.383425,
        28.260862
       ],
       [
        85.382579,
        28.260107
       ],
       [
        85.382192,
        28.259448
       ],
       [
        85.382071,
        28.259153
       ],
       [
        85.381804,
        28.258612
       ],
       [
        85.381497,
        28.258087
       ],
       [
        85.381153,
        28.257582
       ],
       [
        85.380924,
        28.25729
       ],
       [
        85.380582,
        28.256709
       ],
       [
        85.378143,
        28.254696
       ],
       [
        85.378088,
        28.254666
       ],
       [
        85.377952,
        28.254534
       ],
       [
        85.377676,
        28.254292
       ],
       [
        85.377672,
        28.254288
       ],
       [
        85.377466,
        28.254078
       ],
       [
        85.37729,
        28.253859
       ],
       [
        85.376874,
        28.253398
       ],
       [
        85.376424,
        28.252961
       ],
       [
        85.375944,
        28.252552
       ],
       [
        85.375434,
        28.252171
       ],
       [
        85.374966,
        28.251866
       ],
       [
        85.374962,
        28.251842
       ],
       [
        85.375003,
        28.251637
       ],
       [
        85.375077,
        28.25105
       ],
       [
        85.375086,
        28.250876
       ],
       [
        85.375092,
        28.250895
       ],
       [
        85.375214,
        28.249895
       ],
       [
        85.375064,
        28.249252
       ],
       [
        85.375057,
        28.249122
       ],
       [
        85.375054,
        28.249061
       ],
       [
        85.374997,
        28.248473
       ],
       [
        85.374897,
        28.247889
       ],
       [
        85.374755,
        28.247312
       ],
       [
        85.37457,
        28.246745
       ],
       [
        85.374349,
        28.246204
       ],
       [
        85.374261,
        28.245831
       ],
       [
        85.374007,
        28.24553
       ],
       [
        85.37377,
        28.245124
       ],
       [
        85.373575,
        28.244829
       ],
       [
        85.373095,
        28.244132
       ],
       [
        85.37293,
        28.243681
       ],
       [
        85.372236,
        28.242628
       ],
       [
        85.37204,
        28.242263
       ],
       [
        85.371738,
        28.241748
       ],
       [
        85.371394,
        28.241242
       ],
       [
        85.371012,
        28.240757
       ],
       [
        85.370596,
        28.240296
       ],
       [
        85.370147,
        28.23986
       ],
       [
        85.369667,
        28.23945
       ],
       [
        85.369157,
        28.239069
       ],
       [
        85.369007,
        28.238967
       ],
       [
        85.368562,
        28.238667
       ],
       [
        85.368572,
        28.23864
       ],
       [
        85.368575,
        28.238629
       ],
       [
        85.368577,
        28.238624
       ],
       [
        85.368728,
        28.238452
       ],
       [
        85.369008,
        28.237859
       ],
       [
        85.369023,
        28.237831
       ],
       [
        85.369325,
        28.237239
       ],
       [
        85.369399,
        28.237089
       ],
       [
        85.369576,
        28.236701
       ],
       [
        85.369631,
        28.236571
       ],
       [
        85.369818,
        28.236213
       ],
       [
        85.369865,
        28.23602
       ],
       [
        85.369892,
        28.235958
       ],
       [
        85.369958,
        28.235797
       ],
       [
        85.37016,
        28.235234
       ],
       [
        85.370321,
        28.234661
       ],
       [
        85.37038,
        28.234391
       ],
       [
        85.370541,
        28.233609
       ],
       [
        85.370598,
        28.233297
       ],
       [
        85.370659,
        28.232817
       ],
       [
        85.370672,
        28.232777
       ],
       [
        85.370749,
        28.232524
       ],
       [
        85.370971,
        28.23174
       ],
       [
        85.371055,
        28.231421
       ],
       [
        85.371172,
        28.23084
       ],
       [
        85.371186,
        28.230751
       ],
       [
        85.371343,
        28.229721
       ],
       [
        85.371403,
        28.229224
       ],
       [
        85.371434,
        28.228634
       ],
       [
        85.371421,
        28.228043
       ],
       [
        85.371385,
        28.227614
       ],
       [
        85.371332,
        28.22715
       ],
       [
        85.371375,
        28.226975
       ],
       [
        85.371384,
        28.226937
       ],
       [
        85.371502,
        28.226356
       ],
       [
        85.371576,
        28.225769
       ],
       [
        85.371607,
        28.225179
       ],
       [
        85.371607,
        28.224956
       ],
       [
        85.371596,
        28.224093
       ],
       [
        85.371583,
        28.223726
       ],
       [
        85.371526,
        28.223137
       ],
       [
        85.371427,
        28.222554
       ],
       [
        85.371284,
        28.221977
       ],
       [
        85.371154,
        28.221564
       ],
       [
        85.370849,
        28.220676
       ],
       [
        85.370794,
        28.220522
       ],
       [
        85.370567,
        28.219966
       ],
       [
        85.3703,
        28.219425
       ],
       [
        85.370076,
        28.219032
       ],
       [
        85.369538,
        28.218147
       ],
       [
        85.369456,
        28.218016
       ],
       [
        85.369112,
        28.21751
       ],
       [
        85.368954,
        28.217301
       ],
       [
        85.368665,
        28.21693
       ],
       [
        85.368442,
        28.216655
       ],
       [
        85.368026,
        28.216193
       ],
       [
        85.367577,
        28.215757
       ],
       [
        85.367208,
        28.215437
       ],
       [
        85.366333,
        28.214718
       ],
       [
        85.366222,
        28.214628
       ],
       [
        85.366116,
        28.214545
       ],
       [
        85.366031,
        28.214399
       ],
       [
        85.365687,
        28.213894
       ],
       [
        85.365671,
        28.213873
       ],
       [
        85.36509,
        28.213083
       ],
       [
        85.365096,
        28.212995
       ],
       [
        85.365062,
        28.212794
       ],
       [
        85.365022,
        28.212376
       ],
       [
        85.364902,
        28.211477
       ],
       [
        85.364902,
        28.211476
       ],
       [
        85.364803,
        28.210892
       ],
       [
        85.36466,
        28.210315
       ],
       [
        85.364639,
        28.210244
       ],
       [
        85.364485,
        28.209722
       ],
       [
        85.364496,
        28.209677
       ],
       [
        85.364508,
        28.209653
       ],
       [
        85.364948,
        28.207855
       ],
       [
        85.365077,
        28.205661
       ],
       [
        85.364981,
        28.205293
       ],
       [
        85.364981,
        28.205283
       ],
       [
        85.364925,
        28.204694
       ],
       [
        85.364825,
        28.20411
       ],
       [
        85.364682,
        28.203533
       ],
       [
        85.364498,
        28.202966
       ],
       [
        85.364271,
        28.202411
       ],
       [
        85.364004,
        28.20187
       ],
       [
        85.363698,
        28.201345
       ],
       [
        85.363482,
        28.20102
       ],
       [
        85.363223,
        28.200647
       ],
       [
        85.363222,
        28.200641
       ],
       [
        85.36292,
        28.19943
       ],
       [
        85.362857,
        28.198859
       ],
       [
        85.362835,
        28.198679
       ],
       [
        85.362736,
        28.198095
       ],
       [
        85.362593,
        28.197518
       ],
       [
        85.362408,
        28.196951
       ],
       [
        85.362277,
        28.196615
       ],
       [
        85.36192,
        28.195757
       ],
       [
        85.361825,
        28.195536
       ],
       [
        85.361781,
        28.19544
       ],
       [
        85.361489,
        28.194812
       ],
       [
        85.361266,
        28.194368
       ],
       [
        85.36117,
        28.194193
       ],
       [
        85.360767,
        28.193484
       ],
       [
        85.360557,
        28.193134
       ],
       [
        85.360213,
        28.192628
       ],
       [
        85.359832,
        28.192143
       ],
       [
        85.359713,
        28.192011
       ],
       [
        85.359042,
        28.19056
       ],
       [
        85.358247,
        28.188554
       ],
       [
        85.358099,
        28.188203
       ],
       [
        85.357933,
        28.187856
       ],
       [
        85.357088,
        28.186183
       ],
       [
        85.356987,
        28.185989
       ],
       [
        85.356681,
        28.185464
       ],
       [
        85.356336,
        28.184959
       ],
       [
        85.356031,
        28.184565
       ],
       [
        85.355614,
        28.184056
       ],
       [
        85.355512,
        28.183646
       ],
       [
        85.355328,
        28.183079
       ],
       [
        85.355161,
        28.182671
       ],
       [
        85.355156,
        28.18265
       ],
       [
        85.355148,
        28.18264
       ],
       [
        85.355101,
        28.182524
       ],
       [
        85.354835,
        28.181982
       ],
       [
        85.354528,
        28.181458
       ],
       [
        85.354184,
        28.180952
       ],
       [
        85.353803,
        28.180468
       ],
       [
        85.353697,
        28.180343
       ],
       [
        85.353371,
        28.17997
       ],
       [
        85.353144,
        28.178956
       ],
       [
        85.353054,
        28.178833
       ],
       [
        85.353086,
        28.178664
       ],
       [
        85.353009,
        28.176651
       ],
       [
        85.352959,
        28.176391
       ],
       [
        85.352959,
        28.176399
       ],
       [
        85.35296,
        28.176559
       ],
       [
        85.352934,
        28.176327
       ],
       [
        85.352918,
        28.176437
       ],
       [
        85.352922,
        28.176378
       ],
       [
        85.352936,
        28.176318
       ],
       [
        85.352951,
        28.176257
       ],
       [
        85.353069,
        28.175676
       ],
       [
        85.353143,
        28.175089
       ],
       [
        85.353174,
        28.174499
       ],
       [
        85.353166,
        28.174141
       ],
       [
        85.353169,
        28.1741
       ],
       [
        85.353163,
        28.174015
       ],
       [
        85.353161,
        28.173909
       ],
       [
        85.353131,
        28.17355
       ],
       [
        85.353064,
        28.172571
       ],
       [
        85.352974,
        28.172124
       ],
       [
        85.352963,
        28.172037
       ],
       [
        85.352958,
        28.171996
       ],
       [
        85.352901,
        28.171584
       ],
       [
        85.3529,
        28.171426
       ],
       [
        85.352933,
        28.17095
       ],
       [
        85.352938,
        28.169685
       ],
       [
        85.352889,
        28.169306
       ],
       [
        85.352888,
        28.169249
       ],
       [
        85.352831,
        28.16866
       ],
       [
        85.352817,
        28.168561
       ],
       [
        85.353072,
        28.16686
       ],
       [
        85.353034,
        28.165528
       ],
       [
        85.352967,
        28.165205
       ],
       [
        85.352941,
        28.164932
       ],
       [
        85.352841,
        28.164348
       ],
       [
        85.352699,
        28.163772
       ],
       [
        85.352514,
        28.163204
       ],
       [
        85.352299,
        28.162674
       ],
       [
        85.351912,
        28.161806
       ],
       [
        85.351901,
        28.16178
       ],
       [
        85.351634,
        28.161239
       ],
       [
        85.351328,
        28.160715
       ],
       [
        85.350984,
        28.160209
       ],
       [
        85.350603,
        28.159724
       ],
       [
        85.35047,
        28.159569
       ],
       [
        85.350179,
        28.159239
       ],
       [
        85.349897,
        28.158933
       ],
       [
        85.349448,
        28.158496
       ],
       [
        85.348968,
        28.158087
       ],
       [
        85.348459,
        28.157706
       ],
       [
        85.347922,
        28.157355
       ],
       [
        85.347403,
        28.157059
       ],
       [
        85.347108,
        28.156901
       ],
       [
        85.345814,
        28.154629
       ],
       [
        85.344189,
        28.153052
       ],
       [
        85.34312,
        28.152293
       ],
       [
        85.341921,
        28.151629
       ],
       [
        85.341184,
        28.151293
       ],
       [
        85.340293,
        28.150919
       ],
       [
        85.339842,
        28.150756
       ],
       [
        85.338679,
        28.149932
       ],
       [
        85.337976,
        28.14946
       ],
       [
        85.337143,
        28.149006
       ],
       [
        85.336265,
        28.148278
       ],
       [
        85.335731,
        28.147768
       ],
       [
        85.335216,
        28.14711
       ],
       [
        85.334689,
        28.146536
       ],
       [
        85.333722,
        28.145596
       ],
       [
        85.333129,
        28.14508
       ],
       [
        85.33262,
        28.144699
       ],
       [
        85.332083,
        28.144349
       ],
       [
        85.33128,
        28.14391
       ],
       [
        85.329988,
        28.143303
       ],
       [
        85.327977,
        28.142399
       ],
       [
        85.327225,
        28.141858
       ],
       [
        85.325964,
        28.14101
       ],
       [
        85.325858,
        28.140928
       ],
       [
        85.32575,
        28.140869
       ],
       [
        85.325261,
        28.140549
       ],
       [
        85.324288,
        28.139999
       ],
       [
        85.32361,
        28.139537
       ],
       [
        85.322874,
        28.139004
       ],
       [
        85.322456,
        28.138736
       ],
       [
        85.321622,
        28.137082
       ],
       [
        85.320691,
        28.135866
       ],
       [
        85.319456,
        28.134707
       ],
       [
        85.318556,
        28.134059
       ],
       [
        85.316786,
        28.133118
       ],
       [
        85.314661,
        28.132443
       ],
       [
        85.313666,
        28.132349
       ],
       [
        85.313274,
        28.131774
       ],
       [
        85.312881,
        28.130963
       ],
       [
        85.312129,
        28.129657
       ],
       [
        85.311352,
        28.128481
       ],
       [
        85.310864,
        28.127842
       ],
       [
        85.310417,
        28.127186
       ],
       [
        85.310157,
        28.126436
       ],
       [
        85.30979,
        28.125586
       ],
       [
        85.309179,
        28.124538
       ],
       [
        85.308419,
        28.12357
       ],
       [
        85.307702,
        28.122848
       ],
       [
        85.30671,
        28.121961
       ],
       [
        85.306,
        28.121277
       ],
       [
        85.305113,
        28.120431
       ],
       [
        85.303606,
        28.119156
       ],
       [
        85.302995,
        28.118692
       ],
       [
        85.302459,
        28.118341
       ],
       [
        85.301899,
        28.118022
       ],
       [
        85.301303,
        28.117715
       ],
       [
        85.301231,
        28.117644
       ],
       [
        85.300788,
        28.117108
       ],
       [
        85.299453,
        28.115967
       ],
       [
        85.298362,
        28.115321
       ],
       [
        85.298419,
        28.115393
       ],
       [
        85.298371,
        28.11536
       ],
       [
        85.297743,
        28.114755
       ],
       [
        85.297263,
        28.114345
       ],
       [
        85.296553,
        28.113818
       ],
       [
        85.295818,
        28.113068
       ],
       [
        85.29537,
        28.112631
       ],
       [
        85.295357,
        28.11262
       ],
       [
        85.295083,
        28.112333
       ],
       [
        85.293586,
        28.111226
       ],
       [
        85.293329,
        28.111087
       ],
       [
        85.293223,
        28.111016
       ],
       [
        85.292662,
        28.110697
       ],
       [
        85.292079,
        28.110411
       ],
       [
        85.29139,
        28.110109
       ],
       [
        85.290919,
        28.109521
       ],
       [
        85.290446,
        28.108888
       ],
       [
        85.289796,
        28.107952
       ],
       [
        85.289191,
        28.107248
       ],
       [
        85.288742,
        28.106811
       ],
       [
        85.288263,
        28.106402
       ],
       [
        85.287748,
        28.106016
       ],
       [
        85.284943,
        28.104063
       ],
       [
        85.284405,
        28.10355
       ],
       [
        85.283956,
        28.103114
       ],
       [
        85.283193,
        28.102425
       ],
       [
        85.282629,
        28.101794
       ],
       [
        85.282181,
        28.101357
       ],
       [
        85.281701,
        28.100948
       ],
       [
        85.281193,
        28.100567
       ],
       [
        85.280657,
        28.100216
       ],
       [
        85.279879,
        28.099791
       ],
       [
        85.279423,
        28.099284
       ],
       [
        85.279349,
        28.099148
       ],
       [
        85.279007,
        28.098812
       ],
       [
        85.278582,
        28.098317
       ],
       [
        85.278133,
        28.097881
       ],
       [
        85.277654,
        28.097471
       ],
       [
        85.27761,
        28.097438
       ],
       [
        85.277404,
        28.097236
       ],
       [
        85.276898,
        28.096928
       ],
       [
        85.276609,
        28.096739
       ],
       [
        85.276207,
        28.096484
       ],
       [
        85.275476,
        28.095779
       ],
       [
        85.273001,
        28.09437
       ],
       [
        85.272868,
        28.094287
       ],
       [
        85.272163,
        28.093308
       ],
       [
        85.271364,
        28.092414
       ],
       [
        85.27064,
        28.091731
       ],
       [
        85.269969,
        28.091168
       ],
       [
        85.269484,
        28.090593
       ],
       [
        85.268974,
        28.090018
       ],
       [
        85.268526,
        28.089581
       ],
       [
        85.268047,
        28.089171
       ],
       [
        85.267538,
        28.08879
       ],
       [
        85.267002,
        28.088439
       ],
       [
        85.266442,
        28.08812
       ],
       [
        85.265615,
        28.087731
       ],
       [
        85.264451,
        28.087264
       ],
       [
        85.263527,
        28.086955
       ],
       [
        85.261648,
        28.086451
       ],
       [
        85.260932,
        28.086291
       ],
       [
        85.260172,
        28.086174
       ],
       [
        85.259499,
        28.086098
       ],
       [
        85.258382,
        28.085571
       ],
       [
        85.255993,
        28.084581
       ],
       [
        85.255022,
        28.084249
       ],
       [
        85.253174,
        28.083748
       ],
       [
        85.251276,
        28.083315
       ],
       [
        85.250417,
        28.083168
       ],
       [
        85.249756,
        28.083102
       ],
       [
        85.248965,
        28.083073
       ],
       [
        85.247887,
        28.083082
       ],
       [
        85.24703,
        28.083054
       ],
       [
        85.246244,
        28.083062
       ],
       [
        85.2455,
        28.083121
       ],
       [
        85.244772,
        28.083132
       ],
       [
        85.244026,
        28.082867
       ],
       [
        85.243392,
        28.082687
       ],
       [
        85.242745,
        28.082545
       ],
       [
        85.24209,
        28.08244
       ],
       [
        85.241371,
        28.08237
       ],
       [
        85.240083,
        28.082291
       ],
       [
        85.238967,
        28.082139
       ],
       [
        85.238052,
        28.081888
       ],
       [
        85.237046,
        28.08015
       ],
       [
        85.235759,
        28.078842
       ],
       [
        85.233904,
        28.077591
       ],
       [
        85.233129,
        28.077242
       ],
       [
        85.232872,
        28.077045
       ],
       [
        85.23235,
        28.076702
       ],
       [
        85.231604,
        28.076244
       ],
       [
        85.231037,
        28.075921
       ],
       [
        85.230455,
        28.075635
       ],
       [
        85.229852,
        28.075384
       ],
       [
        85.229087,
        28.075124
       ],
       [
        85.228284,
        28.074892
       ],
       [
        85.227627,
        28.07464
       ],
       [
        85.225724,
        28.073804
       ],
       [
        85.223967,
        28.072109
       ],
       [
        85.223865,
        28.072022
       ],
       [
        85.223369,
        28.071445
       ],
       [
        85.223179,
        28.071305
       ],
       [
        85.222305,
        28.070788
       ],
       [
        85.221574,
        28.070242
       ],
       [
        85.222478,
        28.070827
       ],
       [
        85.221985,
        28.070425
       ],
       [
        85.220625,
        28.069507
       ],
       [
        85.220308,
        28.069342
       ],
       [
        85.218531,
        28.068217
       ],
       [
        85.21788,
        28.067855
       ],
       [
        85.217701,
        28.067349
       ],
       [
        85.217116,
        28.066237
       ],
       [
        85.217077,
        28.066177
       ],
       [
        85.217235,
        28.065747
       ],
       [
        85.217719,
        28.064298
       ],
       [
        85.217947,
        28.063428
       ],
       [
        85.218172,
        28.062201
       ],
       [
        85.218475,
        28.061085
       ],
       [
        85.21863,
        28.06021
       ],
       [
        85.21867,
        28.059582
       ],
       [
        85.218721,
        28.059344
       ],
       [
        85.218841,
        28.058397
       ],
       [
        85.218875,
        28.057815
       ],
       [
        85.218889,
        28.057362
       ],
       [
        85.218898,
        28.056833
       ],
       [
        85.218909,
        28.05665
       ],
       [
        85.218917,
        28.05557
       ],
       [
        85.2187,
        28.054104
       ],
       [
        85.218381,
        28.053
       ],
       [
        85.217912,
        28.051939
       ],
       [
        85.217658,
        28.051313
       ],
       [
        85.21722,
        28.050517
       ],
       [
        85.216749,
        28.049833
       ],
       [
        85.216369,
        28.049257
       ],
       [
        85.215852,
        28.048525
       ],
       [
        85.215825,
        28.048482
       ],
       [
        85.215586,
        28.048116
       ],
       [
        85.214988,
        28.04728
       ],
       [
        85.21371,
        28.045922
       ],
       [
        85.212907,
        28.045353
       ],
       [
        85.212431,
        28.044945
       ],
       [
        85.21175,
        28.044446
       ],
       [
        85.211335,
        28.043574
       ],
       [
        85.210817,
        28.042529
       ],
       [
        85.210322,
        28.04176
       ],
       [
        85.210025,
        28.041395
       ],
       [
        85.209903,
        28.041179
       ],
       [
        85.207299,
        28.038345
       ],
       [
        85.205401,
        28.037035
       ],
       [
        85.205307,
        28.036975
       ],
       [
        85.204976,
        28.036726
       ],
       [
        85.204863,
        28.036652
       ],
       [
        85.204909,
        28.036519
       ],
       [
        85.205001,
        28.03494
       ],
       [
        85.204986,
        28.03419
       ],
       [
        85.204958,
        28.033624
       ],
       [
        85.204901,
        28.032821
       ],
       [
        85.204625,
        28.031261
       ],
       [
        85.204131,
        28.030016
       ],
       [
        85.204021,
        28.029569
       ],
       [
        85.203688,
        28.028694
       ],
       [
        85.203204,
        28.027637
       ],
       [
        85.20242,
        28.025599
       ],
       [
        85.201426,
        28.02347
       ],
       [
        85.200851,
        28.022496
       ],
       [
        85.200152,
        28.02159
       ],
       [
        85.199058,
        28.0204
       ],
       [
        85.19855,
        28.019899
       ],
       [
        85.198072,
        28.019489
       ],
       [
        85.197662,
        28.019081
       ],
       [
        85.197585,
        28.01793
       ],
       [
        85.197505,
        28.017426
       ],
       [
        85.197504,
        28.017376
       ],
       [
        85.197469,
        28.016989
       ],
       [
        85.197465,
        28.016952
       ],
       [
        85.197471,
        28.016978
       ],
       [
        85.197486,
        28.01648
       ],
       [
        85.197446,
        28.015652
       ],
       [
        85.197209,
        28.014246
       ],
       [
        85.196102,
        28.01167
       ],
       [
        85.1943,
        28.00959
       ],
       [
        85.193875,
        28.009258
       ],
       [
        85.193866,
        28.008923
       ],
       [
        85.193824,
        28.008644
       ],
       [
        85.193809,
        28.008269
       ],
       [
        85.193972,
        28.007734
       ],
       [
        85.194243,
        28.006717
       ],
       [
        85.194385,
        28.006258
       ],
       [
        85.194621,
        28.005096
       ],
       [
        85.194684,
        28.003918
       ],
       [
        85.194589,
        28.002746
       ],
       [
        85.194998,
        28.001733
       ],
       [
        85.195361,
        28.001038
       ],
       [
        85.195651,
        28.000395
       ],
       [
        85.195934,
        27.999546
       ],
       [
        85.19599,
        27.99927
       ],
       [
        85.196007,
        27.999224
       ],
       [
        85.196016,
        27.999141
       ],
       [
        85.19617,
        27.998385
       ],
       [
        85.196237,
        27.997299
       ],
       [
        85.196232,
        27.997144
       ],
       [
        85.196325,
        27.996284
       ],
       [
        85.196133,
        27.995696
       ],
       [
        85.196102,
        27.995417
       ],
       [
        85.195819,
        27.994265
       ],
       [
        85.195369,
        27.993154
       ],
       [
        85.195207,
        27.992866
       ],
       [
        85.195052,
        27.992393
       ],
       [
        85.193741,
        27.990721
       ],
       [
        85.193695,
        27.990682
       ],
       [
        85.193023,
        27.989885
       ],
       [
        85.192903,
        27.98876
       ],
       [
        85.192789,
        27.988293
       ],
       [
        85.192737,
        27.987875
       ],
       [
        85.192637,
        27.987671
       ],
       [
        85.192621,
        27.987607
       ],
       [
        85.192171,
        27.986497
       ],
       [
        85.191733,
        27.985702
       ],
       [
        85.191507,
        27.985371
       ],
       [
        85.191216,
        27.984778
       ],
       [
        85.19083,
        27.984416
       ],
       [
        85.190823,
        27.984406
       ],
       [
        85.190605,
        27.983186
       ],
       [
        85.190966,
        27.98202
       ],
       [
        85.191186,
        27.981506
       ],
       [
        85.191629,
        27.980088
       ],
       [
        85.19186,
        27.979018
       ],
       [
        85.192391,
        27.978191
       ],
       [
        85.19279,
        27.977634
       ],
       [
        85.193352,
        27.976758
       ],
       [
        85.193879,
        27.975751
       ],
       [
        85.194283,
        27.974627
       ],
       [
        85.194519,
        27.973466
       ],
       [
        85.194603,
        27.972279
       ],
       [
        85.194576,
        27.971126
       ],
       [
        85.194379,
        27.969959
       ],
       [
        85.194125,
        27.969103
       ],
       [
        85.193891,
        27.96853
       ],
       [
        85.19386,
        27.968225
       ],
       [
        85.193496,
        27.967677
       ],
       [
        85.193361,
        27.967386
       ],
       [
        85.192764,
        27.966364
       ],
       [
        85.192006,
        27.965395
       ],
       [
        85.191916,
        27.965303
       ],
       [
        85.191739,
        27.965037
       ],
       [
        85.191471,
        27.964848
       ],
       [
        85.191352,
        27.964727
       ],
       [
        85.190797,
        27.964257
       ],
       [
        85.189927,
        27.963592
       ],
       [
        85.189214,
        27.96311
       ],
       [
        85.188655,
        27.962791
       ],
       [
        85.188294,
        27.962613
       ],
       [
        85.18814,
        27.962505
       ],
       [
        85.187117,
        27.96212
       ],
       [
        85.186102,
        27.961633
       ],
       [
        85.185532,
        27.9608
       ],
       [
        85.185006,
        27.960126
       ],
       [
        85.184458,
        27.959506
       ],
       [
        85.183828,
        27.958873
       ],
       [
        85.183161,
        27.95828
       ],
       [
        85.182653,
        27.957899
       ],
       [
        85.182118,
        27.957548
       ],
       [
        85.181559,
        27.957229
       ],
       [
        85.180956,
        27.956933
       ],
       [
        85.179988,
        27.956498
       ],
       [
        85.17995,
        27.956483
       ],
       [
        85.179785,
        27.956387
       ],
       [
        85.17931,
        27.95623
       ],
       [
        85.179145,
        27.956165
       ],
       [
        85.17752,
        27.955625
       ],
       [
        85.177478,
        27.955546
       ],
       [
        85.17737,
        27.955265
       ],
       [
        85.17669,
        27.953956
       ],
       [
        85.175474,
        27.951947
       ],
       [
        85.174652,
        27.951284
       ],
       [
        85.174511,
        27.951129
       ],
       [
        85.173704,
        27.950361
       ],
       [
        85.173084,
        27.949846
       ],
       [
        85.173072,
        27.949195
       ],
       [
        85.173163,
        27.948313
       ],
       [
        85.173153,
        27.947175
       ],
       [
        85.173041,
        27.94616
       ],
       [
        85.1728,
        27.945126
       ],
       [
        85.17251,
        27.94424
       ],
       [
        85.172111,
        27.943295
       ],
       [
        85.171623,
        27.942419
       ],
       [
        85.171025,
        27.941519
       ],
       [
        85.170319,
        27.94063
       ],
       [
        85.169733,
        27.939929
       ],
       [
        85.168502,
        27.936902
       ],
       [
        85.168193,
        27.936398
       ],
       [
        85.167988,
        27.936024
       ],
       [
        85.167763,
        27.935696
       ],
       [
        85.166858,
        27.934219
       ],
       [
        85.165765,
        27.932906
       ],
       [
        85.165541,
        27.932204
       ],
       [
        85.165485,
        27.931921
       ],
       [
        85.165512,
        27.931461
       ],
       [
        85.165191,
        27.930732
       ],
       [
        85.16511,
        27.930459
       ],
       [
        85.164812,
        27.929748
       ],
       [
        85.16432,
        27.928752
       ],
       [
        85.163834,
        27.927649
       ],
       [
        85.16299,
        27.926784
       ],
       [
        85.162964,
        27.92675
       ],
       [
        85.162333,
        27.926073
       ],
       [
        85.161874,
        27.925623
       ],
       [
        85.16143,
        27.925089
       ],
       [
        85.161532,
        27.924372
       ],
       [
        85.161558,
        27.923487
       ],
       [
        85.161448,
        27.922311
       ],
       [
        85.161445,
        27.922297
       ],
       [
        85.161425,
        27.922036
       ],
       [
        85.16114,
        27.920718
       ],
       [
        85.160584,
        27.919258
       ],
       [
        85.160168,
        27.91853
       ],
       [
        85.160114,
        27.91842
       ],
       [
        85.160055,
        27.918333
       ],
       [
        85.159931,
        27.918115
       ],
       [
        85.159356,
        27.917299
       ],
       [
        85.158968,
        27.916871
       ],
       [
        85.158826,
        27.916705
       ],
       [
        85.158752,
        27.916633
       ],
       [
        85.158166,
        27.915987
       ],
       [
        85.156726,
        27.915006
       ],
       [
        85.156699,
        27.914987
       ],
       [
        85.156663,
        27.914963
       ],
       [
        85.155516,
        27.914182
       ],
       [
        85.155081,
        27.914048
       ],
       [
        85.15498,
        27.913999
       ],
       [
        85.154378,
        27.913747
       ],
       [
        85.15376,
        27.913531
       ],
       [
        85.153017,
        27.913311
       ],
       [
        85.152607,
        27.913141
       ],
       [
        85.152415,
        27.913055
       ],
       [
        85.151773,
        27.912801
       ],
       [
        85.15127,
        27.912619
       ],
       [
        85.150911,
        27.912499
       ],
       [
        85.150655,
        27.912398
       ],
       [
        85.149655,
        27.91209
       ],
       [
        85.148959,
        27.911944
       ],
       [
        85.148628,
        27.911519
       ],
       [
        85.148867,
        27.910207
       ],
       [
        85.149391,
        27.909213
       ],
       [
        85.149399,
        27.909198
       ],
       [
        85.150367,
        27.907543
       ],
       [
        85.151042,
        27.904441
       ],
       [
        85.150796,
        27.90145
       ],
       [
        85.150707,
        27.901224
       ],
       [
        85.150535,
        27.900438
       ],
       [
        85.150301,
        27.899739
       ],
       [
        85.150028,
        27.89906
       ],
       [
        85.1497,
        27.898372
       ],
       [
        85.149367,
        27.897825
       ],
       [
        85.149355,
        27.897795
       ],
       [
        85.149338,
        27.897779
       ],
       [
        85.149231,
        27.897603
       ],
       [
        85.148759,
        27.896934
       ],
       [
        85.148167,
        27.896209
       ],
       [
        85.147513,
        27.895541
       ],
       [
        85.147014,
        27.895114
       ],
       [
        85.146367,
        27.89454
       ],
       [
        85.146716,
        27.893621
       ],
       [
        85.146939,
        27.89301
       ],
       [
        85.147159,
        27.892146
       ],
       [
        85.147307,
        27.89104
       ],
       [
        85.14735,
        27.889955
       ],
       [
        85.147312,
        27.889004
       ],
       [
        85.147179,
        27.88809
       ],
       [
        85.146998,
        27.887291
       ],
       [
        85.146952,
        27.88715
       ],
       [
        85.146947,
        27.886907
       ],
       [
        85.146821,
        27.886747
       ],
       [
        85.14664,
        27.886193
       ],
       [
        85.146262,
        27.885374
       ],
       [
        85.145834,
        27.884662
       ],
       [
        85.145167,
        27.883701
       ],
       [
        85.144534,
        27.882918
       ],
       [
        85.14388,
        27.88225
       ],
       [
        85.143402,
        27.88184
       ],
       [
        85.142781,
        27.881381
       ],
       [
        85.141553,
        27.880564
       ],
       [
        85.139526,
        27.879224
       ],
       [
        85.137765,
        27.878091
       ],
       [
        85.137042,
        27.877676
       ],
       [
        85.136146,
        27.876952
       ],
       [
        85.13619,
        27.875585
       ],
       [
        85.135901,
        27.874224
       ],
       [
        85.135838,
        27.873845
       ],
       [
        85.135669,
        27.873114
       ],
       [
        85.135455,
        27.872464
       ],
       [
        85.135199,
        27.871815
       ],
       [
        85.1347,
        27.870816
       ],
       [
        85.134017,
        27.869804
       ],
       [
        85.133413,
        27.8691
       ],
       [
        85.132765,
        27.868488
       ],
       [
        85.131798,
        27.867686
       ],
       [
        85.131254,
        27.867274
       ],
       [
        85.13072,
        27.866923
       ],
       [
        85.130161,
        27.866604
       ],
       [
        85.12958,
        27.866317
       ],
       [
        85.128979,
        27.866065
       ],
       [
        85.128196,
        27.8658
       ],
       [
        85.12721,
        27.865521
       ],
       [
        85.126935,
        27.865426
       ],
       [
        85.126493,
        27.865318
       ],
       [
        85.126369,
        27.865283
       ],
       [
        85.125606,
        27.864863
       ],
       [
        85.125043,
        27.864491
       ],
       [
        85.124476,
        27.864167
       ],
       [
        85.123169,
        27.863476
       ],
       [
        85.122606,
        27.863199
       ],
       [
        85.12255,
        27.863158
       ],
       [
        85.122521,
        27.862878
       ],
       [
        85.122068,
        27.861359
       ],
       [
        85.120986,
        27.859248
       ],
       [
        85.119757,
        27.857631
       ],
       [
        85.118358,
        27.856153
       ],
       [
        85.117491,
        27.855448
       ],
       [
        85.117292,
        27.855253
       ],
       [
        85.116814,
        27.854843
       ],
       [
        85.116307,
        27.854462
       ],
       [
        85.115665,
        27.854046
       ],
       [
        85.114811,
        27.853481
       ],
       [
        85.113785,
        27.852336
       ],
       [
        85.112726,
        27.851734
       ],
       [
        85.112198,
        27.851392
       ],
       [
        85.111476,
        27.85097
       ],
       [
        85.110762,
        27.850617
       ],
       [
        85.109868,
        27.850109
       ],
       [
        85.108524,
        27.849787
       ],
       [
        85.108457,
        27.849768
       ],
       [
        85.10834,
        27.849743
       ],
       [
        85.106836,
        27.849383
       ],
       [
        85.105897,
        27.849302
       ],
       [
        85.105582,
        27.849249
       ],
       [
        85.104696,
        27.849147
       ],
       [
        85.103852,
        27.849119
       ],
       [
        85.103784,
        27.84912
       ],
       [
        85.103673,
        27.849111
       ],
       [
        85.103209,
        27.84913
       ],
       [
        85.102134,
        27.849148
       ],
       [
        85.101406,
        27.849173
       ],
       [
        85.100694,
        27.849224
       ],
       [
        85.100602,
        27.849238
       ],
       [
        85.100432,
        27.849245
       ],
       [
        85.100222,
        27.849295
       ],
       [
        85.099744,
        27.849367
       ],
       [
        85.098063,
        27.849727
       ],
       [
        85.095516,
        27.850347
       ],
       [
        85.094501,
        27.849819
       ],
       [
        85.093812,
        27.849354
       ],
       [
        85.093253,
        27.849035
       ],
       [
        85.092673,
        27.848748
       ],
       [
        85.091958,
        27.848454
       ],
       [
        85.090908,
        27.84808
       ],
       [
        85.090009,
        27.847816
       ],
       [
        85.088782,
        27.847522
       ],
       [
        85.087448,
        27.847221
       ],
       [
        85.086599,
        27.847075
       ],
       [
        85.085939,
        27.847008
       ],
       [
        85.085275,
        27.846979
       ],
       [
        85.084561,
        27.846992
       ],
       [
        85.083357,
        27.847009
       ],
       [
        85.082686,
        27.846548
       ],
       [
        85.081998,
        27.846105
       ],
       [
        85.08094,
        27.845503
       ],
       [
        85.080234,
        27.845148
       ],
       [
        85.079634,
        27.844896
       ],
       [
        85.078758,
        27.844605
       ],
       [
        85.077738,
        27.844328
       ],
       [
        85.077035,
        27.84417
       ],
       [
        85.076381,
        27.844065
       ],
       [
        85.075721,
        27.843998
       ],
       [
        85.074752,
        27.843973
       ],
       [
        85.07362,
        27.84401
       ],
       [
        85.072892,
        27.844019
       ],
       [
        85.07199,
        27.844076
       ],
       [
        85.070709,
        27.844223
       ],
       [
        85.069799,
        27.84438
       ],
       [
        85.069026,
        27.84455
       ],
       [
        85.068369,
        27.844717
       ],
       [
        85.067497,
        27.845008
       ],
       [
        85.067489,
        27.845029
       ],
       [
        85.066792,
        27.845121
       ],
       [
        85.064504,
        27.845789
       ],
       [
        85.062063,
        27.846779
       ],
       [
        85.061176,
        27.847285
       ],
       [
        85.060082,
        27.84656
       ],
       [
        85.056953,
        27.845222
       ],
       [
        85.054324,
        27.844458
       ],
       [
        85.052506,
        27.844105
       ],
       [
        85.050404,
        27.843861
       ],
       [
        85.047729,
        27.84394
       ],
       [
        85.044893,
        27.84453
       ],
       [
        85.042311,
        27.845655
       ],
       [
        85.041704,
        27.846103
       ],
       [
        85.04345,
        27.846882
       ],
       [
        85.045489,
        27.848157
       ],
       [
        85.046768,
        27.848892
       ],
       [
        85.045818,
        27.848429
       ],
       [
        85.044626,
        27.848044
       ],
       [
        85.043398,
        27.847815
       ],
       [
        85.040057,
        27.848035
       ],
       [
        85.039266,
        27.848327
       ],
       [
        85.039288,
        27.848355
       ],
       [
        85.039942,
        27.849325
       ],
       [
        85.039566,
        27.848837
       ],
       [
        85.039202,
        27.848509
       ],
       [
        85.039213,
        27.848758
       ],
       [
        85.03927,
        27.848965
       ],
       [
        85.039014,
        27.848421
       ],
       [
        85.037901,
        27.848832
       ],
       [
        85.037469,
        27.849056
       ],
       [
        85.038573,
        27.848245
       ],
       [
        85.038771,
        27.84812
       ],
       [
        85.037601,
        27.847064
       ],
       [
        85.034461,
        27.845706
       ],
       [
        85.030552,
        27.845539
       ],
       [
        85.027946,
        27.846263
       ],
       [
        85.028269,
        27.846081
       ],
       [
        85.030495,
        27.84524
       ],
       [
        85.033341,
        27.844771
       ],
       [
        85.034999,
        27.844749
       ],
       [
        85.038038,
        27.844969
       ],
       [
        85.037128,
        27.843281
       ],
       [
        85.03453,
        27.840919
       ],
       [
        85.03249,
        27.839678
       ],
       [
        85.033112,
        27.838376
       ],
       [
        85.033569,
        27.835387
       ],
       [
        85.033316,
        27.833381
       ],
       [
        85.033154,
        27.832266
       ],
       [
        85.032771,
        27.830795
       ],
       [
        85.031864,
        27.82876
       ],
       [
        85.030886,
        27.827377
       ],
       [
        85.029936,
        27.826281
       ],
       [
        85.028735,
        27.82499
       ],
       [
        85.027616,
        27.823811
       ],
       [
        85.027639,
        27.82351
       ],
       [
        85.027514,
        27.821684
       ],
       [
        85.027373,
        27.82062
       ],
       [
        85.027172,
        27.819033
       ],
       [
        85.026914,
        27.81778
       ],
       [
        85.026605,
        27.8167
       ],
       [
        85.02578,
        27.814851
       ],
       [
        85.024666,
        27.813314
       ],
       [
        85.024341,
        27.812947
       ],
       [
        85.023924,
        27.811983
       ],
       [
        85.023743,
        27.811716
       ],
       [
        85.023548,
        27.812395
       ],
       [
        85.021088,
        27.815424
       ],
       [
        85.018824,
        27.816938
       ],
       [
        85.017737,
        27.817436
       ],
       [
        85.019906,
        27.815845
       ],
       [
        85.020338,
        27.815139
       ],
       [
        85.016793,
        27.816604
       ],
       [
        85.012833,
        27.81676
       ],
       [
        85.009107,
        27.815564
       ],
       [
        85.00828,
        27.814895
       ],
       [
        85.008334,
        27.814916
       ],
       [
        85.008652,
        27.815034
       ],
       [
        85.007811,
        27.81442
       ],
       [
        85.007655,
        27.814389
       ],
       [
        85.007512,
        27.814274
       ],
       [
        85.007613,
        27.814275
       ],
       [
        85.006589,
        27.813527
       ],
       [
        85.00645,
        27.813415
       ],
       [
        85.006069,
        27.812983
       ],
       [
        85.005188,
        27.811316
       ],
       [
        85.00447,
        27.80961
       ],
       [
        85.004378,
        27.808485
       ],
       [
        85.004421,
        27.807441
       ],
       [
        85.005112,
        27.804845
       ],
       [
        85.007192,
        27.802316
       ],
       [
        85.008316,
        27.801562
       ],
       [
        85.007923,
        27.801704
       ],
       [
        85.005894,
        27.80309
       ],
       [
        85.006138,
        27.802619
       ],
       [
        85.00904,
        27.800233
       ],
       [
        85.012754,
        27.799011
       ],
       [
        85.014956,
        27.799083
       ],
       [
        85.012051,
        27.797424
       ],
       [
        85.005303,
        27.797343
       ],
       [
        85.005032,
        27.797402
       ],
       [
        85.008039,
        27.796672
       ],
       [
        85.01094,
        27.796697
       ],
       [
        85.012386,
        27.796992
       ],
       [
        85.011479,
        27.796497
       ],
       [
        85.009354,
        27.795658
       ],
       [
        85.008332,
        27.795213
       ],
       [
        85.007078,
        27.794521
       ],
       [
        85.003726,
        27.793346
       ],
       [
        84.999058,
        27.793415
       ],
       [
        84.996458,
        27.793972
       ],
       [
        84.994759,
        27.794615
       ],
       [
        84.99482,
        27.794496
       ],
       [
        84.994021,
        27.794588
       ],
       [
        84.992683,
        27.794329
       ],
       [
        84.987219,
        27.794865
       ],
       [
        84.986913,
        27.794679
       ],
       [
        84.982692,
        27.793462
       ],
       [
        84.981549,
        27.793399
       ],
       [
        84.978994,
        27.792686
       ],
       [
        84.975564,
        27.79258
       ],
       [
        84.973413,
        27.792736
       ],
       [
        84.9701,
        27.793394
       ],
       [
        84.966994,
        27.794634
       ],
       [
        84.962956,
        27.798217
       ],
       [
        84.962468,
        27.80022
       ],
       [
        84.964728,
        27.798321
       ],
       [
        84.967066,
        27.797328
       ],
       [
        84.963039,
        27.80089
       ],
       [
        84.96269,
        27.802526
       ],
       [
        84.966363,
        27.801583
       ],
       [
        84.971324,
        27.802848
       ],
       [
        84.974223,
        27.80494
       ],
       [
        84.974633,
        27.805402
       ],
       [
        84.971452,
        27.803672
       ],
       [
        84.962938,
        27.804483
       ],
       [
        84.962135,
        27.805129
       ],
       [
        84.962013,
        27.805701
       ],
       [
        84.961993,
        27.805677
       ],
       [
        84.961908,
        27.805312
       ],
       [
        84.960464,
        27.806474
       ],
       [
        84.959959,
        27.807233
       ],
       [
        84.959422,
        27.808677
       ],
       [
        84.959411,
        27.808748
       ],
       [
        84.959663,
        27.80887
       ],
       [
        84.960787,
        27.809618
       ],
       [
        84.959578,
        27.809056
       ],
       [
        84.959371,
        27.809012
       ],
       [
        84.959263,
        27.80971
       ],
       [
        84.959231,
        27.809723
       ],
       [
        84.959178,
        27.808996
       ],
       [
        84.95782,
        27.809035
       ],
       [
        84.956383,
        27.809209
       ],
       [
        84.955939,
        27.809501
       ],
       [
        84.955315,
        27.810131
       ],
       [
        84.955266,
        27.810205
       ],
       [
        84.955628,
        27.811688
       ],
       [
        84.955609,
        27.811704
       ],
       [
        84.955262,
        27.810914
       ],
       [
        84.955013,
        27.81058
       ],
       [
        84.954794,
        27.810906
       ],
       [
        84.954768,
        27.810724
       ],
       [
        84.954856,
        27.810368
       ],
       [
        84.954529,
        27.809929
       ],
       [
        84.952758,
        27.808493
       ],
       [
        84.951933,
        27.808165
       ],
       [
        84.949938,
        27.807871
       ],
       [
        84.944517,
        27.809635
       ],
       [
        84.943788,
        27.810084
       ],
       [
        84.946058,
        27.808328
       ],
       [
        84.952349,
        27.80669
       ],
       [
        84.951772,
        27.805737
       ],
       [
        84.950337,
        27.804402
       ],
       [
        84.952104,
        27.805525
       ],
       [
        84.952379,
        27.805921
       ],
       [
        84.951666,
        27.804339
       ],
       [
        84.950694,
        27.803002
       ],
       [
        84.949697,
        27.801816
       ],
       [
        84.948186,
        27.799829
       ],
       [
        84.945691,
        27.797553
       ],
       [
        84.941992,
        27.795858
       ],
       [
        84.938945,
        27.795542
       ],
       [
        84.937269,
        27.794201
       ],
       [
        84.934317,
        27.79257
       ],
       [
        84.932377,
        27.791458
       ],
       [
        84.930906,
        27.790618
       ],
       [
        84.929203,
        27.789742
       ],
       [
        84.926742,
        27.788889
       ],
       [
        84.923697,
        27.788445
       ],
       [
        84.920179,
        27.788762
       ],
       [
        84.917538,
        27.789613
       ],
       [
        84.915344,
        27.790692
       ],
       [
        84.913173,
        27.792166
       ],
       [
        84.912908,
        27.792414
       ],
       [
        84.912824,
        27.792431
       ],
       [
        84.909638,
        27.793834
       ],
       [
        84.908178,
        27.795089
       ],
       [
        84.911383,
        27.795499
       ],
       [
        84.914483,
        27.796369
       ],
       [
        84.914647,
        27.796431
       ],
       [
        84.912837,
        27.796229
       ],
       [
        84.910367,
        27.796496
       ],
       [
        84.907609,
        27.797704
       ],
       [
        84.906687,
        27.798597
       ],
       [
        84.90741,
        27.798946
       ],
       [
        84.908429,
        27.799351
       ],
       [
        84.908483,
        27.799417
       ],
       [
        84.906073,
        27.799193
       ],
       [
        84.905255,
        27.799986
       ],
       [
        84.904277,
        27.80228
       ],
       [
        84.904174,
        27.802474
       ],
       [
        84.904501,
        27.800281
       ],
       [
        84.905088,
        27.799101
       ],
       [
        84.904589,
        27.799055
       ],
       [
        84.902057,
        27.799702
       ],
       [
        84.899412,
        27.801489
       ],
       [
        84.897483,
        27.804759
       ],
       [
        84.897302,
        27.807144
       ],
       [
        84.897086,
        27.80645
       ],
       [
        84.896978,
        27.80317
       ],
       [
        84.901032,
        27.797093
       ],
       [
        84.899521,
        27.796921
       ],
       [
        84.895422,
        27.797733
       ],
       [
        84.893899,
        27.798404
       ],
       [
        84.892455,
        27.79901
       ],
       [
        84.892148,
        27.799205
       ],
       [
        84.892128,
        27.799169
       ],
       [
        84.891236,
        27.79933
       ],
       [
        84.88936,
        27.799656
       ],
       [
        84.888413,
        27.799996
       ],
       [
        84.883288,
        27.799222
       ],
       [
        84.881694,
        27.799611
       ],
       [
        84.877777,
        27.795795
       ],
       [
        84.87455,
        27.794205
       ],
       [
        84.871482,
        27.793265
       ],
       [
        84.868432,
        27.792709
       ],
       [
        84.865234,
        27.792517
       ],
       [
        84.860464,
        27.793411
       ],
       [
        84.855946,
        27.796677
       ],
       [
        84.855026,
        27.797958
       ],
       [
        84.853003,
        27.796348
       ],
       [
        84.850091,
        27.794994
       ],
       [
        84.846291,
        27.793541
       ],
       [
        84.84143,
        27.792847
       ],
       [
        84.835935,
        27.79379
       ],
       [
        84.831091,
        27.796961
       ],
       [
        84.82855,
        27.800881
       ],
       [
        84.828467,
        27.801293
       ],
       [
        84.826343,
        27.800038
       ],
       [
        84.823131,
        27.798953
       ],
       [
        84.81989,
        27.798647
       ],
       [
        84.817312,
        27.798809
       ],
       [
        84.814078,
        27.799682
       ],
       [
        84.811141,
        27.801335
       ],
       [
        84.808929,
        27.803561
       ],
       [
        84.807489,
        27.806242
       ],
       [
        84.807398,
        27.806554
       ],
       [
        84.808612,
        27.806039
       ],
       [
        84.81095,
        27.805428
       ],
       [
        84.812192,
        27.805257
       ],
       [
        84.810003,
        27.806137
       ],
       [
        84.808601,
        27.807171
       ],
       [
        84.807914,
        27.808141
       ],
       [
        84.808397,
        27.808384
       ],
       [
        84.808493,
        27.80852
       ],
       [
        84.809431,
        27.808834
       ],
       [
        84.809919,
        27.809
       ],
       [
        84.808681,
        27.808787
       ],
       [
        84.808683,
        27.80879
       ],
       [
        84.809147,
        27.809017
       ],
       [
        84.80857,
        27.80877
       ],
       [
        84.807579,
        27.808758
       ],
       [
        84.807458,
        27.808784
       ],
       [
        84.807096,
        27.809295
       ],
       [
        84.80672,
        27.810593
       ],
       [
        84.806631,
        27.81081
       ],
       [
        84.806775,
        27.808932
       ],
       [
        84.804818,
        27.809355
       ],
       [
        84.802993,
        27.810252
       ],
       [
        84.800819,
        27.812461
       ],
       [
        84.800689,
        27.812513
       ],
       [
        84.80207,
        27.810286
       ],
       [
        84.805477,
        27.807367
       ],
       [
        84.805965,
        27.80716
       ],
       [
        84.803505,
        27.805922
       ],
       [
        84.800111,
        27.805577
       ],
       [
        84.800007,
        27.805692
       ],
       [
        84.799484,
        27.80561
       ],
       [
        84.797907,
        27.804864
       ],
       [
        84.795707,
        27.804152
       ],
       [
        84.793516,
        27.803748
       ],
       [
        84.790868,
        27.80367
       ],
       [
        84.787937,
        27.804167
       ],
       [
        84.785579,
        27.805227
       ],
       [
        84.785691,
        27.80526
       ],
       [
        84.785818,
        27.805257
       ],
       [
        84.789316,
        27.805867
       ],
       [
        84.787457,
        27.805816
       ],
       [
        84.786185,
        27.80614
       ],
       [
        84.786318,
        27.806275
       ],
       [
        84.786148,
        27.806149
       ],
       [
        84.784257,
        27.80663
       ],
       [
        84.781397,
        27.80868
       ],
       [
        84.781913,
        27.807984
       ],
       [
        84.784315,
        27.805795
       ],
       [
        84.785155,
        27.805417
       ],
       [
        84.784668,
        27.805058
       ],
       [
        84.78375,
        27.804644
       ],
       [
        84.784855,
        27.805011
       ],
       [
        84.785165,
        27.805103
       ],
       [
        84.784767,
        27.804698
       ],
       [
        84.782703,
        27.802744
       ],
       [
        84.779369,
        27.800613
       ],
       [
        84.775096,
        27.79965
       ],
       [
        84.772402,
        27.799714
       ],
       [
        84.769932,
        27.800268
       ],
       [
        84.768013,
        27.80099
       ],
       [
        84.766433,
        27.801816
       ],
       [
        84.765828,
        27.802172
       ],
       [
        84.764989,
        27.802621
       ],
       [
        84.764107,
        27.803201
       ],
       [
        84.763411,
        27.802402
       ],
       [
        84.762103,
        27.801217
       ],
       [
        84.760182,
        27.799695
       ],
       [
        84.75886,
        27.798737
       ],
       [
        84.756985,
        27.797649
       ],
       [
        84.755154,
        27.796907
       ],
       [
        84.752744,
        27.796259
       ],
       [
        84.748774,
        27.796191
       ],
       [
        84.750425,
        27.796917
       ],
       [
        84.75182,
        27.797735
       ],
       [
        84.753602,
        27.799256
       ],
       [
        84.75335,
        27.799052
       ],
       [
        84.752497,
        27.798397
       ],
       [
        84.750397,
        27.797419
       ],
       [
        84.746842,
        27.796913
       ],
       [
        84.746742,
        27.796924
       ],
       [
        84.747382,
        27.798767
       ],
       [
        84.747381,
        27.800274
       ],
       [
        84.747293,
        27.801553
       ],
       [
        84.747069,
        27.802673
       ],
       [
        84.747156,
        27.802228
       ],
       [
        84.747176,
        27.801543
       ],
       [
        84.747007,
        27.80009
       ],
       [
        84.74671,
        27.79913
       ],
       [
        84.746648,
        27.799021
       ],
       [
        84.746249,
        27.798459
       ],
       [
        84.745121,
        27.797259
       ],
       [
        84.743885,
        27.796484
       ],
       [
        84.742091,
        27.795798
       ],
       [
        84.740415,
        27.795532
       ],
       [
        84.74004,
        27.795532
       ],
       [
        84.74051,
        27.795496
       ],
       [
        84.741421,
        27.795448
       ],
       [
        84.742298,
        27.795364
       ],
       [
        84.743944,
        27.795307
       ],
       [
        84.745576,
        27.795417
       ],
       [
        84.746266,
        27.795556
       ],
       [
        84.745909,
        27.794527
       ],
       [
        84.743855,
        27.792312
       ],
       [
        84.742371,
        27.791236
       ],
       [
        84.740345,
        27.79027
       ],
       [
        84.740237,
        27.790152
       ],
       [
        84.738237,
        27.788625
       ],
       [
        84.735754,
        27.787434
       ],
       [
        84.733105,
        27.786807
       ],
       [
        84.731378,
        27.786661
       ],
       [
        84.729655,
        27.786713
       ],
       [
        84.727714,
        27.787023
       ],
       [
        84.724713,
        27.788123
       ],
       [
        84.722491,
        27.789695
       ],
       [
        84.721296,
        27.790927
       ],
       [
        84.720492,
        27.792033
       ],
       [
        84.72027,
        27.792434
       ],
       [
        84.721013,
        27.792275
       ],
       [
        84.722424,
        27.792161
       ],
       [
        84.722477,
        27.792141
       ],
       [
        84.723632,
        27.791805
       ],
       [
        84.723758,
        27.791797
       ],
       [
        84.722833,
        27.792163
       ],
       [
        84.72284,
        27.792176
       ],
       [
        84.722776,
        27.792186
       ],
       [
        84.722412,
        27.79233
       ],
       [
        84.720702,
        27.793463
       ],
       [
        84.720472,
        27.793686
       ],
       [
        84.720896,
        27.79391
       ],
       [
        84.722379,
        27.79488
       ],
       [
        84.724295,
        27.796361
       ],
       [
        84.726543,
        27.79921
       ],
       [
        84.726077,
        27.798727
       ],
       [
        84.721036,
        27.795242
       ],
       [
        84.719386,
        27.794984
       ],
       [
        84.7189,
        27.795952
       ],
       [
        84.718901,
        27.795927
       ],
       [
        84.718975,
        27.795553
       ],
       [
        84.71916,
        27.794949
       ],
       [
        84.718734,
        27.794882
       ],
       [
        84.715044,
        27.795492
       ],
       [
        84.71245,
        27.796926
       ],
       [
        84.711951,
        27.797362
       ],
       [
        84.712362,
        27.796888
       ],
       [
        84.713402,
        27.795764
       ],
       [
        84.715751,
        27.794002
       ],
       [
        84.718643,
        27.792786
       ],
       [
        84.716867,
        27.792164
       ],
       [
        84.714925,
        27.791717
       ],
       [
        84.712393,
        27.791469
       ],
       [
        84.709361,
        27.791715
       ],
       [
        84.706844,
        27.792393
       ],
       [
        84.704859,
        27.793232
       ],
       [
        84.702877,
        27.794346
       ],
       [
        84.700538,
        27.796311
       ],
       [
        84.69891,
        27.798916
       ],
       [
        84.697352,
        27.79924
       ],
       [
        84.695497,
        27.799661
       ],
       [
        84.69443,
        27.799905
       ],
       [
        84.693726,
        27.800067
       ],
       [
        84.692611,
        27.800332
       ],
       [
        84.691751,
        27.800556
       ],
       [
        84.691603,
        27.800575
       ],
       [
        84.69119,
        27.800638
       ],
       [
        84.690911,
        27.80066
       ],
       [
        84.689559,
        27.800801
       ],
       [
        84.687973,
        27.801117
       ],
       [
        84.686995,
        27.801372
       ],
       [
        84.686704,
        27.801449
       ],
       [
        84.685535,
        27.80144
       ],
       [
        84.683938,
        27.80156
       ],
       [
        84.681585,
        27.802014
       ],
       [
        84.67919,
        27.802933
       ],
       [
        84.677713,
        27.803758
       ],
       [
        84.67678,
        27.804344
       ],
       [
        84.675705,
        27.805213
       ],
       [
        84.675128,
        27.80564
       ],
       [
        84.67448,
        27.80611
       ],
       [
        84.673315,
        27.806687
       ],
       [
        84.671995,
        27.807574
       ],
       [
        84.671884,
        27.80766
       ],
       [
        84.671194,
        27.807835
       ],
       [
        84.670148,
        27.808064
       ],
       [
        84.669625,
        27.808188
       ],
       [
        84.669567,
        27.808203
       ],
       [
        84.668875,
        27.808311
       ],
       [
        84.667011,
        27.808764
       ],
       [
        84.66531,
        27.809422
       ],
       [
        84.664479,
        27.809837
       ],
       [
        84.664083,
        27.81003
       ],
       [
        84.663729,
        27.810221
       ],
       [
        84.662749,
        27.810721
       ],
       [
        84.661323,
        27.811656
       ],
       [
        84.659547,
        27.813231
       ],
       [
        84.657973,
        27.815576
       ],
       [
        84.657167,
        27.817954
       ],
       [
        84.657008,
        27.820158
       ],
       [
        84.657011,
        27.82018
       ],
       [
        84.656271,
        27.820764
       ],
       [
        84.656098,
        27.82095
       ],
       [
        84.654192,
        27.822337
       ],
       [
        84.652629,
        27.824152
       ],
       [
        84.651708,
        27.825814
       ],
       [
        84.65099,
        27.828417
       ],
       [
        84.650947,
        27.82988
       ],
       [
        84.650983,
        27.83053
       ],
       [
        84.651057,
        27.831421
       ],
       [
        84.651175,
        27.832205
       ],
       [
        84.651324,
        27.83312
       ],
       [
        84.651702,
        27.834449
       ],
       [
        84.652211,
        27.835817
       ],
       [
        84.652864,
        27.837188
       ],
       [
        84.653268,
        27.837919
       ],
       [
        84.653252,
        27.837753
       ],
       [
        84.653167,
        27.837071
       ],
       [
        84.653189,
        27.837205
       ],
       [
        84.653331,
        27.837696
       ],
       [
        84.653653,
        27.838477
       ],
       [
        84.653792,
        27.838746
       ],
       [
        84.654059,
        27.838202
       ],
       [
        84.65514,
        27.836564
       ],
       [
        84.655343,
        27.836324
       ],
       [
        84.655162,
        27.836587
       ],
       [
        84.65456,
        27.837643
       ],
       [
        84.654183,
        27.83874
       ],
       [
        84.653968,
        27.840044
       ],
       [
        84.654348,
        27.842738
       ],
       [
        84.653779,
        27.841243
       ],
       [
        84.653436,
        27.839469
       ],
       [
        84.652855,
        27.840648
       ],
       [
        84.652055,
        27.842577
       ],
       [
        84.651761,
        27.843522
       ],
       [
        84.65165,
        27.84353
       ],
       [
        84.649639,
        27.843613
       ],
       [
        84.646841,
        27.844101
       ],
       [
        84.645683,
        27.844425
       ],
       [
        84.645255,
        27.844479
       ],
       [
        84.64255,
        27.845422
       ],
       [
        84.640866,
        27.846439
       ],
       [
        84.639656,
        27.847446
       ],
       [
        84.638112,
        27.849316
       ],
       [
        84.637377,
        27.850923
       ],
       [
        84.636682,
        27.850984
       ],
       [
        84.635006,
        27.85127
       ],
       [
        84.633258,
        27.851608
       ],
       [
        84.630876,
        27.852438
       ],
       [
        84.629095,
        27.853386
       ],
       [
        84.626882,
        27.855146
       ],
       [
        84.624958,
        27.857863
       ],
       [
        84.624227,
        27.860051
       ],
       [
        84.623861,
        27.861811
       ],
       [
        84.623718,
        27.862954
       ],
       [
        84.623646,
        27.862987
       ],
       [
        84.621483,
        27.864623
       ],
       [
        84.620126,
        27.866004
       ],
       [
        84.619572,
        27.865591
       ],
       [
        84.618326,
        27.864889
       ],
       [
        84.6162,
        27.86411
       ],
       [
        84.615283,
        27.863907
       ],
       [
        84.610235,
        27.862853
       ],
       [
        84.609387,
        27.862702
       ],
       [
        84.60787,
        27.862539
       ],
       [
        84.60645,
        27.862549
       ],
       [
        84.605423,
        27.862627
       ],
       [
        84.603982,
        27.862864
       ],
       [
        84.601925,
        27.86348
       ],
       [
        84.599988,
        27.86437
       ],
       [
        84.597619,
        27.866086
       ],
       [
        84.596626,
        27.867133
       ],
       [
        84.597166,
        27.867101
       ],
       [
        84.598485,
        27.867116
       ],
       [
        84.600001,
        27.86731
       ],
       [
        84.600684,
        27.86725
       ],
       [
        84.600121,
        27.867325
       ],
       [
        84.60049,
        27.867372
       ],
       [
        84.601192,
        27.867558
       ],
       [
        84.600772,
        27.86749
       ],
       [
        84.599798,
        27.867384
       ],
       [
        84.599404,
        27.867474
       ],
       [
        84.598591,
        27.867728
       ],
       [
        84.598013,
        27.867961
       ],
       [
        84.597595,
        27.86817
       ],
       [
        84.596453,
        27.868895
       ],
       [
        84.595357,
        27.869852
       ],
       [
        84.59476,
        27.870556
       ],
       [
        84.594501,
        27.870917
       ],
       [
        84.59435,
        27.871248
       ],
       [
        84.594195,
        27.871589
       ],
       [
        84.596324,
        27.87306
       ],
       [
        84.597295,
        27.87419
       ],
       [
        84.597234,
        27.874136
       ],
       [
        84.595815,
        27.8728
       ],
       [
        84.594131,
        27.871795
       ],
       [
        84.594105,
        27.871786
       ],
       [
        84.594087,
        27.871827
       ],
       [
        84.594101,
        27.871785
       ],
       [
        84.593055,
        27.871422
       ],
       [
        84.59218,
        27.871324
       ],
       [
        84.593415,
        27.873603
       ],
       [
        84.59363,
        27.877103
       ],
       [
        84.592313,
        27.880409
       ],
       [
        84.589665,
        27.883018
       ],
       [
        84.586089,
        27.884533
       ],
       [
        84.582129,
        27.884722
       ],
       [
        84.578701,
        27.883655
       ],
       [
        84.578536,
        27.883558
       ],
       [
        84.577787,
        27.882973
       ],
       [
        84.578081,
        27.883258
       ],
       [
        84.57565,
        27.881458
       ],
       [
        84.573817,
        27.87835
       ],
       [
        84.573468,
        27.874858
       ],
       [
        84.574658,
        27.871515
       ],
       [
        84.577204,
        27.868828
       ],
       [
        84.58072,
        27.867208
       ],
       [
        84.584669,
        27.8669
       ],
       [
        84.58627,
        27.867345
       ],
       [
        84.586139,
        27.867103
       ],
       [
        84.584258,
        27.865136
       ],
       [
        84.583562,
        27.864655
       ],
       [
        84.585025,
        27.865546
       ],
       [
        84.586728,
        27.867007
       ],
       [
        84.586926,
        27.867213
       ],
       [
        84.587634,
        27.867556
       ],
       [
        84.587731,
        27.86626
       ],
       [
        84.587704,
        27.865267
       ],
       [
        84.587595,
        27.864126
       ],
       [
        84.587148,
        27.862372
       ],
       [
        84.586637,
        27.861195
       ],
       [
        84.585848,
        27.859815
       ],
       [
        84.584601,
        27.858309
       ],
       [
        84.583498,
        27.85733
       ],
       [
        84.582618,
        27.856688
       ],
       [
        84.581672,
        27.856082
       ],
       [
        84.581563,
        27.855982
       ],
       [
        84.581487,
        27.855925
       ],
       [
        84.581465,
        27.855913
       ],
       [
        84.581214,
        27.855632
       ],
       [
        84.580337,
        27.854818
       ],
       [
        84.578961,
        27.853804
       ],
       [
        84.577052,
        27.852819
       ],
       [
        84.575556,
        27.852245
       ],
       [
        84.574636,
        27.851866
       ],
       [
        84.573184,
        27.851304
       ],
       [
        84.571386,
        27.850639
       ],
       [
        84.569306,
        27.849995
       ],
       [
        84.568189,
        27.849766
       ],
       [
        84.5682,
        27.849724
       ],
       [
        84.568385,
        27.848456
       ],
       [
        84.568441,
        27.847767
       ],
       [
        84.568495,
        27.847201
       ],
       [
        84.568495,
        27.846045
       ],
       [
        84.568402,
        27.844886
       ],
       [
        84.568155,
        27.843272
       ],
       [
        84.567718,
        27.84162
       ],
       [
        84.56748,
        27.840939
       ],
       [
        84.567271,
        27.840129
       ],
       [
        84.567131,
        27.839673
       ],
       [
        84.567164,
        27.839767
       ],
       [
        84.567045,
        27.838944
       ],
       [
        84.566907,
        27.837971
       ],
       [
        84.566737,
        27.837086
       ],
       [
        84.566532,
        27.836237
       ],
       [
        84.566251,
        27.835279
       ],
       [
        84.565625,
        27.833803
       ],
       [
        84.564891,
        27.832573
       ],
       [
        84.564055,
        27.831442
       ],
       [
        84.562699,
        27.829988
       ],
       [
        84.561119,
        27.828788
       ],
       [
        84.559901,
        27.828046
       ],
       [
        84.559281,
        27.827739
       ],
       [
        84.558402,
        27.827197
       ],
       [
        84.557616,
        27.82671
       ],
       [
        84.556808,
        27.826163
       ],
       [
        84.555591,
        27.825384
       ],
       [
        84.553887,
        27.824506
       ],
       [
        84.552726,
        27.824066
       ],
       [
        84.551865,
        27.823756
       ],
       [
        84.550085,
        27.823268
       ],
       [
        84.548459,
        27.82301
       ],
       [
        84.547065,
        27.822864
       ],
       [
        84.544918,
        27.822835
       ],
       [
        84.542496,
        27.823189
       ],
       [
        84.540727,
        27.823663
       ],
       [
        84.539175,
        27.82422
       ],
       [
        84.538702,
        27.824421
       ],
       [
        84.538551,
        27.824398
       ],
       [
        84.537722,
        27.824358
       ],
       [
        84.536853,
        27.824318
       ],
       [
        84.53544,
        27.824257
       ],
       [
        84.534498,
        27.824179
       ],
       [
        84.53258,
        27.824164
       ],
       [
        84.530751,
        27.82434
       ],
       [
        84.530729,
        27.823249
       ],
       [
        84.530675,
        27.822392
       ],
       [
        84.530482,
        27.820628
       ],
       [
        84.52999,
        27.818679
       ],
       [
        84.529397,
        27.81702
       ],
       [
        84.528826,
        27.815726
       ],
       [
        84.528416,
        27.814845
       ],
       [
        84.527795,
        27.813679
       ],
       [
        84.526945,
        27.812402
       ],
       [
        84.525198,
        27.810449
       ],
       [
        84.522586,
        27.808704
       ],
       [
        84.520324,
        27.807797
       ],
       [
        84.518726,
        27.807373
       ],
       [
        84.517683,
        27.807159
       ],
       [
        84.516931,
        27.807015
       ],
       [
        84.515875,
        27.806811
       ],
       [
        84.514328,
        27.806613
       ],
       [
        84.512977,
        27.806551
       ],
       [
        84.511745,
        27.806558
       ],
       [
        84.510041,
        27.806721
       ],
       [
        84.508486,
        27.807046
       ],
       [
        84.507192,
        27.807408
       ],
       [
        84.505892,
        27.80787
       ],
       [
        84.504833,
        27.808311
       ],
       [
        84.503899,
        27.808692
       ],
       [
        84.502792,
        27.809165
       ],
       [
        84.501676,
        27.809733
       ],
       [
        84.500567,
        27.810396
       ],
       [
        84.499649,
        27.81106
       ],
       [
        84.499574,
        27.811064
       ],
       [
        84.498543,
        27.811165
       ],
       [
        84.497865,
        27.811272
       ],
       [
        84.497262,
        27.810998
       ],
       [
        84.494851,
        27.810428
       ],
       [
        84.4933,
        27.810304
       ],
       [
        84.491767,
        27.810319
       ],
       [
        84.489848,
        27.810616
       ],
       [
        84.488429,
        27.811004
       ],
       [
        84.486793,
        27.81169
       ],
       [
        84.486136,
        27.812038
       ],
       [
        84.486053,
        27.81204
       ],
       [
        84.485305,
        27.812241
       ],
       [
        84.484292,
        27.812307
       ],
       [
        84.484017,
        27.812317
       ],
       [
        84.483847,
        27.812329
       ],
       [
        84.483113,
        27.812329
       ],
       [
        84.482759,
        27.812348
       ],
       [
        84.481555,
        27.812355
       ],
       [
        84.479609,
        27.812568
       ],
       [
        84.478195,
        27.812884
       ],
       [
        84.47677,
        27.813307
       ],
       [
        84.47528,
        27.813875
       ],
       [
        84.474257,
        27.814345
       ],
       [
        84.474185,
        27.814372
       ],
       [
        84.473641,
        27.813673
       ],
       [
        84.472342,
        27.812468
       ],
       [
        84.470854,
        27.81144
       ],
       [
        84.467893,
        27.810214
       ],
       [
        84.464374,
        27.809824
       ],
       [
        84.462034,
        27.810123
       ],
       [
        84.460953,
        27.810538
       ],
       [
        84.459195,
        27.810573
       ],
       [
        84.456946,
        27.810694
       ],
       [
        84.455461,
        27.810891
       ],
       [
        84.454583,
        27.811044
       ],
       [
        84.453547,
        27.811286
       ],
       [
        84.452046,
        27.811685
       ],
       [
        84.450213,
        27.812187
       ],
       [
        84.449668,
        27.812381
       ],
       [
        84.449356,
        27.811923
       ],
       [
        84.448129,
        27.810651
       ],
       [
        84.447046,
        27.809785
       ],
       [
        84.445729,
        27.808899
       ],
       [
        84.444347,
        27.808165
       ],
       [
        84.443278,
        27.807658
       ],
       [
        84.44176,
        27.807161
       ],
       [
        84.441639,
        27.806573
       ],
       [
        84.441426,
        27.805687
       ],
       [
        84.441425,
        27.805683
       ],
       [
        84.441412,
        27.805432
       ],
       [
        84.441391,
        27.804742
       ],
       [
        84.441067,
        27.801524
       ],
       [
        84.441239,
        27.800693
       ],
       [
        84.441344,
        27.799121
       ],
       [
        84.441212,
        27.797668
       ],
       [
        84.441001,
        27.796592
       ],
       [
        84.44083,
        27.795918
       ],
       [
        84.440791,
        27.795333
       ],
       [
        84.440622,
        27.794174
       ],
       [
        84.440397,
        27.793199
       ],
       [
        84.440161,
        27.792428
       ],
       [
        84.440004,
        27.793738
       ],
       [
        84.440013,
        27.793479
       ],
       [
        84.439937,
        27.792381
       ],
       [
        84.439907,
        27.792282
       ],
       [
        84.439589,
        27.7928
       ],
       [
        84.439877,
        27.792182
       ],
       [
        84.439411,
        27.790623
       ],
       [
        84.439617,
        27.790986
       ],
       [
        84.439976,
        27.791911
       ],
       [
        84.440277,
        27.790952
       ],
       [
        84.440322,
        27.790664
       ],
       [
        84.440244,
        27.791733
       ],
       [
        84.44086,
        27.790731
       ],
       [
        84.441593,
        27.789473
       ],
       [
        84.441594,
        27.789468
       ],
       [
        84.441745,
        27.78927
       ],
       [
        84.441992,
        27.789022
       ],
       [
        84.443385,
        27.787554
       ],
       [
        84.444467,
        27.787581
       ],
       [
        84.445915,
        27.787587
       ],
       [
        84.448201,
        27.787469
       ],
       [
        84.44958,
        27.787407
       ],
       [
        84.451249,
        27.787213
       ],
       [
        84.452319,
        27.786997
       ],
       [
        84.453456,
        27.786755
       ],
       [
        84.455335,
        27.78628
       ],
       [
        84.456873,
        27.785772
       ],
       [
        84.461263,
        27.784016
       ],
       [
        84.462543,
        27.783451
       ],
       [
        84.463661,
        27.78288
       ],
       [
        84.465216,
        27.78204
       ],
       [
        84.465851,
        27.781696
       ],
       [
        84.46669,
        27.781184
       ],
       [
        84.467752,
        27.780432
       ],
       [
        84.468645,
        27.779656
       ],
       [
        84.469577,
        27.778719
       ],
       [
        84.470668,
        27.77728
       ],
       [
        84.47084,
        27.776966
       ],
       [
        84.471525,
        27.776505
       ],
       [
        84.472073,
        27.77611
       ],
       [
        84.472963,
        27.775387
       ],
       [
        84.473839,
        27.774515
       ],
       [
        84.474453,
        27.773802
       ],
       [
        84.475089,
        27.772981
       ],
       [
        84.475799,
        27.77192
       ],
       [
        84.476478,
        27.770703
       ],
       [
        84.476955,
        27.769688
       ],
       [
        84.477178,
        27.769267
       ],
       [
        84.477243,
        27.769116
       ],
       [
        84.477399,
        27.768954
       ],
       [
        84.478295,
        27.767794
       ],
       [
        84.479119,
        27.766496
       ],
       [
        84.479917,
        27.764955
       ],
       [
        84.480566,
        27.763134
       ],
       [
        84.481022,
        27.761427
       ],
       [
        84.481311,
        27.760407
       ],
       [
        84.481648,
        27.758958
       ],
       [
        84.482125,
        27.756429
       ],
       [
        84.482399,
        27.754984
       ],
       [
        84.482552,
        27.752856
       ],
       [
        84.481839,
        27.749623
       ],
       [
        84.480916,
        27.747869
       ],
       [
        84.47996,
        27.746587
       ],
       [
        84.478122,
        27.744837
       ],
       [
        84.474327,
        27.743036
       ],
       [
        84.47109,
        27.742607
       ],
       [
        84.469436,
        27.7427
       ],
       [
        84.468352,
        27.74284
       ],
       [
        84.467415,
        27.743006
       ],
       [
        84.466089,
        27.743265
       ],
       [
        84.464702,
        27.743492
       ],
       [
        84.462514,
        27.744056
       ],
       [
        84.46036,
        27.744848
       ],
       [
        84.458479,
        27.745703
       ],
       [
        84.456587,
        27.746987
       ],
       [
        84.454989,
        27.748333
       ],
       [
        84.454301,
        27.748972
       ],
       [
        84.454128,
        27.748706
       ],
       [
        84.453183,
        27.747568
       ],
       [
        84.452275,
        27.746586
       ],
       [
        84.451207,
        27.745588
       ],
       [
        84.451267,
        27.745622
       ],
       [
        84.451168,
        27.745515
       ],
       [
        84.451168,
        27.745502
       ],
       [
        84.45093,
        27.745133
       ],
       [
        84.450489,
        27.744392
       ],
       [
        84.44984,
        27.743191
       ],
       [
        84.449099,
        27.741807
       ],
       [
        84.448333,
        27.740492
       ],
       [
        84.447537,
        27.739316
       ],
       [
        84.446498,
        27.738038
       ],
       [
        84.444804,
        27.73651
       ],
       [
        84.443092,
        27.735408
       ],
       [
        84.441894,
        27.734788
       ],
       [
        84.440619,
        27.73417
       ],
       [
        84.43939,
        27.733663
       ],
       [
        84.438369,
        27.733283
       ],
       [
        84.436908,
        27.732849
       ],
       [
        84.435065,
        27.732511
       ],
       [
        84.433373,
        27.732382
       ],
       [
        84.431807,
        27.732401
       ],
       [
        84.430798,
        27.732482
       ],
       [
        84.429707,
        27.732588
       ],
       [
        84.427778,
        27.732941
       ],
       [
        84.426648,
        27.733299
       ],
       [
        84.427744,
        27.733782
       ],
       [
        84.429237,
        27.734736
       ],
       [
        84.429007,
        27.7346
       ],
       [
        84.428648,
        27.734417
       ],
       [
        84.42849,
        27.734342
       ],
       [
        84.428004,
        27.734228
       ],
       [
        84.427963,
        27.734222
       ],
       [
        84.429362,
        27.735101
       ],
       [
        84.431469,
        27.73807
       ],
       [
        84.432131,
        27.741525
       ],
       [
        84.431248,
        27.744942
       ],
       [
        84.428954,
        27.7478
       ],
       [
        84.425598,
        27.749664
       ],
       [
        84.421691,
        27.750249
       ],
       [
        84.417828,
        27.749468
       ],
       [
        84.417276,
        27.749178
       ],
       [
        84.416603,
        27.748804
       ],
       [
        84.417493,
        27.7494
       ],
       [
        84.419032,
        27.750243
       ],
       [
        84.420553,
        27.750868
       ],
       [
        84.42139,
        27.751156
       ],
       [
        84.423056,
        27.751652
       ],
       [
        84.425782,
        27.751988
       ],
       [
        84.428411,
        27.751806
       ],
       [
        84.429808,
        27.751517
       ],
       [
        84.431196,
        27.75116
       ],
       [
        84.431562,
        27.751024
       ]
      ],
      [
       [
        84.4315,
        27.750909
       ],
       [
        84.430861,
        27.749713
       ],
       [
        84.430547,
        27.749168
       ],
       [
        84.430403,
        27.748964
       ],
       [
        84.430842,
        27.749482
       ],
       [
        84.431649,
        27.75019
       ],
       [
        84.432295,
        27.750309
       ],
       [
        84.432667,
        27.750338
       ],
       [
        84.43276,
        27.750338
       ],
       [
        84.433342,
        27.750219
       ],
       [
        84.433878,
        27.750058
       ],
       [
        84.433892,
        27.750065
       ],
       [
        84.432901,
        27.750527
       ],
       [
        84.431562,
        27.751024
       ],
       [
        84.4315,
        27.750909
       ]
      ],
      [
       [
        84.452797,
        27.767684
       ],
       [
        84.452877,
        27.767649
       ],
       [
        84.453199,
        27.76748
       ],
       [
        84.453629,
        27.767248
       ],
       [
        84.453923,
        27.766772
       ],
       [
        84.455187,
        27.765215
       ],
       [
        84.456763,
        27.763807
       ],
       [
        84.45817,
        27.762865
       ],
       [
        84.458345,
        27.762492
       ],
       [
        84.458922,
        27.761393
       ],
       [
        84.459777,
        27.759944
       ],
       [
        84.460701,
        27.758726
       ],
       [
        84.460969,
        27.758394
       ],
       [
        84.461278,
        27.757213
       ],
       [
        84.461509,
        27.756413
       ],
       [
        84.461652,
        27.755802
       ],
       [
        84.462095,
        27.753451
       ],
       [
        84.462281,
        27.752516
       ],
       [
        84.462248,
        27.753324
       ],
       [
        84.462781,
        27.755837
       ],
       [
        84.463184,
        27.756631
       ],
       [
        84.4637,
        27.757353
       ],
       [
        84.465098,
        27.758623
       ],
       [
        84.468413,
        27.760224
       ],
       [
        84.47002,
        27.760433
       ],
       [
        84.470233,
        27.760293
       ],
       [
        84.47006,
        27.760439
       ],
       [
        84.47109,
        27.760573
       ],
       [
        84.471644,
        27.76056
       ],
       [
        84.471968,
        27.76052
       ],
       [
        84.471665,
        27.760574
       ],
       [
        84.470111,
        27.760875
       ],
       [
        84.469414,
        27.760983
       ],
       [
        84.468189,
        27.762122
       ],
       [
        84.467151,
        27.763749
       ],
       [
        84.465693,
        27.765288
       ],
       [
        84.463701,
        27.766692
       ],
       [
        84.462061,
        27.76749
       ],
       [
        84.460019,
        27.76816
       ],
       [
        84.458146,
        27.76852
       ],
       [
        84.456742,
        27.768646
       ],
       [
        84.455727,
        27.768706
       ],
       [
        84.454014,
        27.76873
       ],
       [
        84.452856,
        27.768667
       ],
       [
        84.452622,
        27.769069
       ],
       [
        84.45282,
        27.768665
       ],
       [
        84.452294,
        27.768637
       ],
       [
        84.451112,
        27.768559
       ],
       [
        84.450754,
        27.768502
       ],
       [
        84.452797,
        27.767684
       ]
      ],
      [
       [
        84.433054,
        27.82399
       ],
       [
        84.432304,
        27.822574
       ],
       [
        84.4317,
        27.820625
       ],
       [
        84.431506,
        27.819485
       ],
       [
        84.431773,
        27.820476
       ],
       [
        84.432205,
        27.821414
       ],
       [
        84.432984,
        27.822557
       ],
       [
        84.433671,
        27.823269
       ],
       [
        84.434134,
        27.823655
       ],
       [
        84.434409,
        27.823816
       ],
       [
        84.436036,
        27.824332
       ],
       [
        84.438016,
        27.824572
       ],
       [
        84.438469,
        27.824576
       ],
       [
        84.43833,
        27.824579
       ],
       [
        84.437563,
        27.824643
       ],
       [
        84.436005,
        27.824642
       ],
       [
        84.434418,
        27.824477
       ],
       [
        84.433203,
        27.82422
       ],
       [
        84.433054,
        27.82399
       ]
      ],
      [
       [
        84.456382,
        27.827924
       ],
       [
        84.455765,
        27.826309
       ],
       [
        84.455522,
        27.825213
       ],
       [
        84.455404,
        27.82376
       ],
       [
        84.455543,
        27.822154
       ],
       [
        84.45592,
        27.820698
       ],
       [
        84.456296,
        27.819769
       ],
       [
        84.456549,
        27.819226
       ],
       [
        84.456752,
        27.818816
       ],
       [
        84.456685,
        27.81897
       ],
       [
        84.456444,
        27.819817
       ],
       [
        84.456324,
        27.8208
       ],
       [
        84.456351,
        27.821834
       ],
       [
        84.456418,
        27.822222
       ],
       [
        84.456657,
        27.823077
       ],
       [
        84.456801,
        27.82341
       ],
       [
        84.457175,
        27.824073
       ],
       [
        84.457919,
        27.825047
       ],
       [
        84.458718,
        27.825792
       ],
       [
        84.459606,
        27.8264
       ],
       [
        84.462147,
        27.827446
       ],
       [
        84.465166,
        27.827776
       ],
       [
        84.466846,
        27.827577
       ],
       [
        84.469877,
        27.826394
       ],
       [
        84.469892,
        27.826414
       ],
       [
        84.467831,
        27.82751
       ],
       [
        84.46499,
        27.828274
       ],
       [
        84.463005,
        27.828465
       ],
       [
        84.459925,
        27.828527
       ],
       [
        84.459097,
        27.82857
       ],
       [
        84.457954,
        27.828875
       ],
       [
        84.457217,
        27.829072
       ],
       [
        84.456382,
        27.827924
       ]
      ],
      [
       [
        84.491599,
        27.829096
       ],
       [
        84.489548,
        27.828004
       ],
       [
        84.488798,
        27.827462
       ],
       [
        84.487627,
        27.826553
       ],
       [
        84.488466,
        27.827105
       ],
       [
        84.490018,
        27.827782
       ],
       [
        84.491529,
        27.828152
       ],
       [
        84.49248,
        27.828256
       ],
       [
        84.493493,
        27.828221
       ],
       [
        84.494872,
        27.828024
       ],
       [
        84.495591,
        27.827816
       ],
       [
        84.496787,
        27.82733
       ],
       [
        84.496901,
        27.827266
       ],
       [
        84.497201,
        27.827077
       ],
       [
        84.497897,
        27.826551
       ],
       [
        84.497134,
        27.827194
       ],
       [
        84.495478,
        27.828267
       ],
       [
        84.49415,
        27.828887
       ],
       [
        84.493613,
        27.829108
       ],
       [
        84.492704,
        27.829386
       ],
       [
        84.491599,
        27.829096
       ]
      ],
      [
       [
        84.510169,
        27.826164
       ],
       [
        84.510267,
        27.825224
       ],
       [
        84.510449,
        27.824185
       ],
       [
        84.510431,
        27.823871
       ],
       [
        84.510425,
        27.823788
       ],
       [
        84.510406,
        27.823455
       ],
       [
        84.510243,
        27.823
       ],
       [
        84.509974,
        27.822414
       ],
       [
        84.509764,
        27.821955
       ],
       [
        84.509865,
        27.822121
       ],
       [
        84.509875,
        27.822138
       ],
       [
        84.510902,
        27.823211
       ],
       [
        84.512454,
        27.824276
       ],
       [
        84.512951,
        27.824483
       ],
       [
        84.513539,
        27.824419
       ],
       [
        84.514014,
        27.824329
       ],
       [
        84.514188,
        27.82427
       ],
       [
        84.514073,
        27.824318
       ],
       [
        84.514094,
        27.824314
       ],
       [
        84.514064,
        27.824322
       ],
       [
        84.513427,
        27.824589
       ],
       [
        84.513316,
        27.824635
       ],
       [
        84.513576,
        27.824743
       ],
       [
        84.513554,
        27.824747
       ],
       [
        84.513297,
        27.824701
       ],
       [
        84.513199,
        27.824682
       ],
       [
        84.512585,
        27.824933
       ],
       [
        84.512516,
        27.824989
       ],
       [
        84.511336,
        27.825832
       ],
       [
        84.510129,
        27.826533
       ],
       [
        84.510169,
        27.826164
       ]
      ],
      [
       [
        84.566591,
        27.868145
       ],
       [
        84.566395,
        27.867967
       ],
       [
        84.565886,
        27.867428
       ],
       [
        84.566243,
        27.867762
       ],
       [
        84.566605,
        27.868024
       ],
       [
        84.566725,
        27.866951
       ],
       [
        84.567114,
        27.865693
       ],
       [
        84.567433,
        27.864931
       ],
       [
        84.567725,
        27.864342
       ],
       [
        84.567544,
        27.864954
       ],
       [
        84.567469,
        27.865344
       ],
       [
        84.567416,
        27.866149
       ],
       [
        84.567465,
        27.866594
       ],
       [
        84.567792,
        27.867848
       ],
       [
        84.568003,
        27.868365
       ],
       [
        84.568442,
        27.869087
       ],
       [
        84.568508,
        27.869121
       ],
       [
        84.568448,
        27.869098
       ],
       [
        84.568452,
        27.869105
       ],
       [
        84.569219,
        27.870051
       ],
       [
        84.569962,
        27.87073
       ],
       [
        84.570442,
        27.871072
       ],
       [
        84.569188,
        27.870258
       ],
       [
        84.568097,
        27.869438
       ],
       [
        84.567353,
        27.868835
       ],
       [
        84.567048,
        27.868559
       ],
       [
        84.566567,
        27.868361
       ],
       [
        84.566591,
        27.868145
       ]
      ],
      [
       [
        84.599,
        27.88533
       ],
       [
        84.598711,
        27.885314
       ],
       [
        84.597288,
        27.88519
       ],
       [
        84.596282,
        27.884988
       ],
       [
        84.595515,
        27.88481
       ],
       [
        84.59587,
        27.884868
       ],
       [
        84.597155,
        27.885044
       ],
       [
        84.597814,
        27.885059
       ],
       [
        84.598163,
        27.885035
       ],
       [
        84.598949,
        27.884916
       ],
       [
        84.599351,
        27.88482
       ],
       [
        84.599892,
        27.884619
       ],
       [
        84.600005,
        27.884554
       ],
       [
        84.600839,
        27.88398
       ],
       [
        84.601136,
        27.88374
       ],
       [
        84.601656,
        27.88321
       ],
       [
        84.600691,
        27.884282
       ],
       [
        84.599646,
        27.885328
       ],
       [
        84.599,
        27.88533
       ]
      ],
      [
       [
        84.637526,
        27.877301
       ],
       [
        84.637521,
        27.877329
       ],
       [
        84.637523,
        27.877302
       ],
       [
        84.635051,
        27.878266
       ],
       [
        84.634308,
        27.878394
       ],
       [
        84.633,
        27.87882
       ],
       [
        84.634754,
        27.878033
       ],
       [
        84.635844,
        27.877196
       ],
       [
        84.636014,
        27.876978
       ],
       [
        84.636396,
        27.876258
       ],
       [
        84.636765,
        27.875207
       ],
       [
        84.636994,
        27.872977
       ],
       [
        84.636849,
        27.871824
       ],
       [
        84.636697,
        27.871312
       ],
       [
        84.636127,
        27.870055
       ],
       [
        84.635854,
        27.869605
       ],
       [
        84.636534,
        27.87064
       ],
       [
        84.637453,
        27.872842
       ],
       [
        84.637748,
        27.874804
       ],
       [
        84.637683,
        27.876323
       ],
       [
        84.637578,
        27.876978
       ],
       [
        84.637583,
        27.877279
       ],
       [
        84.637526,
        27.877301
       ]
      ],
      [
       [
        84.657365,
        27.861164
       ],
       [
        84.654637,
        27.861405
       ],
       [
        84.65377,
        27.861386
       ],
       [
        84.65275,
        27.86147
       ],
       [
        84.652332,
        27.861455
       ],
       [
        84.652333,
        27.861479
       ],
       [
        84.650964,
        27.864768
       ],
       [
        84.648276,
        27.867344
       ],
       [
        84.644678,
        27.868813
       ],
       [
        84.643436,
        27.868857
       ],
       [
        84.643554,
        27.867849
       ],
       [
        84.644019,
        27.864109
       ],
       [
        84.644153,
        27.863589
       ],
       [
        84.643622,
        27.864977
       ],
       [
        84.642298,
        27.866854
       ],
       [
        84.640865,
        27.868034
       ],
       [
        84.640024,
        27.868482
       ],
       [
        84.639526,
        27.868647
       ],
       [
        84.636353,
        27.867364
       ],
       [
        84.633652,
        27.864798
       ],
       [
        84.632268,
        27.861513
       ],
       [
        84.632411,
        27.85801
       ],
       [
        84.63406,
        27.854823
       ],
       [
        84.636855,
        27.852525
       ],
       [
        84.636814,
        27.852682
       ],
       [
        84.636652,
        27.853972
       ],
       [
        84.636763,
        27.856084
       ],
       [
        84.637571,
        27.858543
       ],
       [
        84.638413,
        27.859991
       ],
       [
        84.639807,
        27.861725
       ],
       [
        84.640727,
        27.862574
       ],
       [
        84.64151,
        27.863444
       ],
       [
        84.639987,
        27.860618
       ],
       [
        84.639713,
        27.85864
       ],
       [
        84.639967,
        27.856704
       ],
       [
        84.641221,
        27.854134
       ],
       [
        84.642694,
        27.852567
       ],
       [
        84.643623,
        27.851951
       ],
       [
        84.644682,
        27.851719
       ],
       [
        84.645263,
        27.851656
       ],
       [
        84.647601,
        27.852417
       ],
       [
        84.650513,
        27.854795
       ],
       [
        84.652174,
        27.857977
       ],
       [
        84.652319,
        27.861169
       ],
       [
        84.65235,
        27.861158
       ],
       [
        84.653734,
        27.860341
       ],
       [
        84.654664,
        27.859554
       ],
       [
        84.655828,
        27.858104
       ],
       [
        84.656679,
        27.856336
       ],
       [
        84.656866,
        27.855558
       ],
       [
        84.656928,
        27.855048
       ],
       [
        84.656837,
        27.853336
       ],
       [
        84.656149,
        27.851277
       ],
       [
        84.655887,
        27.850829
       ],
       [
        84.655173,
        27.849975
       ],
       [
        84.656173,
        27.850906
       ],
       [
        84.65797,
        27.852916
       ],
       [
        84.659693,
        27.856262
       ],
       [
        84.660027,
        27.85864
       ],
       [
        84.659759,
        27.860582
       ],
       [
        84.657365,
        27.861164
       ]
      ],
      [
       [
        84.672587,
        27.832146
       ],
       [
        84.670658,
        27.833508
       ],
       [
        84.669975,
        27.834162
       ],
       [
        84.668844,
        27.834985
       ],
       [
        84.667586,
        27.835775
       ],
       [
        84.667335,
        27.835863
       ],
       [
        84.668928,
        27.834703
       ],
       [
        84.669971,
        27.833508
       ],
       [
        84.670612,
        27.832386
       ],
       [
        84.67121,
        27.830143
       ],
       [
        84.67124,
        27.829631
       ],
       [
        84.671118,
        27.829171
       ],
       [
        84.671229,
        27.829503
       ],
       [
        84.671246,
        27.829537
       ],
       [
        84.671253,
        27.82942
       ],
       [
        84.671257,
        27.82941
       ],
       [
        84.671263,
        27.82957
       ],
       [
        84.671349,
        27.82974
       ],
       [
        84.671598,
        27.830139
       ],
       [
        84.672187,
        27.831123
       ],
       [
        84.672601,
        27.832131
       ],
       [
        84.672587,
        27.832146
       ]
      ],
      [
       [
        84.676386,
        27.825205
       ],
       [
        84.675152,
        27.825476
       ],
       [
        84.674575,
        27.825612
       ],
       [
        84.673964,
        27.825737
       ],
       [
        84.673811,
        27.825819
       ],
       [
        84.673831,
        27.825779
       ],
       [
        84.673865,
        27.825757
       ],
       [
        84.673573,
        27.825817
       ],
       [
        84.672965,
        27.825909
       ],
       [
        84.673929,
        27.825656
       ],
       [
        84.674163,
        27.82557
       ],
       [
        84.674237,
        27.825524
       ],
       [
        84.675413,
        27.824449
       ],
       [
        84.676647,
        27.822644
       ],
       [
        84.677193,
        27.820966
       ],
       [
        84.677312,
        27.819622
       ],
       [
        84.677172,
        27.818601
       ],
       [
        84.677085,
        27.818222
       ],
       [
        84.676958,
        27.817914
       ],
       [
        84.677359,
        27.818806
       ],
       [
        84.677925,
        27.82176
       ],
       [
        84.677258,
        27.824985
       ],
       [
        84.676386,
        27.825205
       ]
      ],
      [
       [
        84.714724,
        27.812318
       ],
       [
        84.709043,
        27.808513
       ],
       [
        84.708277,
        27.80707
       ],
       [
        84.709725,
        27.808879
       ],
       [
        84.70973,
        27.80889
       ],
       [
        84.709828,
        27.808938
       ],
       [
        84.710893,
        27.809336
       ],
       [
        84.710995,
        27.809343
       ],
       [
        84.711927,
        27.809431
       ],
       [
        84.713599,
        27.809285
       ],
       [
        84.714296,
        27.809107
       ],
       [
        84.714661,
        27.808968
       ],
       [
        84.715103,
        27.808694
       ],
       [
        84.716222,
        27.807729
       ],
       [
        84.717703,
        27.805324
       ],
       [
        84.71816,
        27.802695
       ],
       [
        84.718196,
        27.802774
       ],
       [
        84.718356,
        27.804108
       ],
       [
        84.718424,
        27.806248
       ],
       [
        84.717963,
        27.808713
       ],
       [
        84.716044,
        27.812281
       ],
       [
        84.71576,
        27.812481
       ],
       [
        84.714724,
        27.812318
       ]
      ],
      [
       [
        84.7257,
        27.809964
       ],
       [
        84.723903,
        27.81007
       ],
       [
        84.724147,
        27.810025
       ],
       [
        84.725018,
        27.809842
       ],
       [
        84.726869,
        27.809038
       ],
       [
        84.728238,
        27.808036
       ],
       [
        84.728418,
        27.807892
       ],
       [
        84.727709,
        27.808698
       ],
       [
        84.726601,
        27.809773
       ],
       [
        84.7257,
        27.809964
       ]
      ],
      [
       [
        84.729391,
        27.808481
       ],
       [
        84.728272,
        27.806679
       ],
       [
        84.72779,
        27.80567
       ],
       [
        84.727311,
        27.804332
       ],
       [
        84.726236,
        27.803484
       ],
       [
        84.72509,
        27.802186
       ],
       [
        84.724823,
        27.801799
       ],
       [
        84.725363,
        27.802388
       ],
       [
        84.726803,
        27.803475
       ],
       [
        84.727122,
        27.803621
       ],
       [
        84.726864,
        27.801377
       ],
       [
        84.727024,
        27.799832
       ],
       [
        84.727111,
        27.799327
       ],
       [
        84.727127,
        27.799387
       ],
       [
        84.727079,
        27.799686
       ],
       [
        84.727118,
        27.800013
       ],
       [
        84.728411,
        27.803653
       ],
       [
        84.728994,
        27.804321
       ],
       [
        84.729795,
        27.804533
       ],
       [
        84.730782,
        27.804619
       ],
       [
        84.731705,
        27.804587
       ],
       [
        84.732886,
        27.804397
       ],
       [
        84.735187,
        27.803517
       ],
       [
        84.736869,
        27.802385
       ],
       [
        84.737724,
        27.801493
       ],
       [
        84.738128,
        27.800947
       ],
       [
        84.738542,
        27.800146
       ],
       [
        84.738756,
        27.799644
       ],
       [
        84.738639,
        27.800173
       ],
       [
        84.73818,
        27.801608
       ],
       [
        84.737238,
        27.803549
       ],
       [
        84.736161,
        27.805
       ],
       [
        84.734778,
        27.806417
       ],
       [
        84.732408,
        27.80797
       ],
       [
        84.730242,
        27.808823
       ],
       [
        84.729828,
        27.808926
       ],
       [
        84.729391,
        27.808481
       ]
      ],
      [
       [
        84.740543,
        27.812923
       ],
       [
        84.73891,
        27.811688
       ],
       [
        84.738118,
        27.810884
       ],
       [
        84.73948,
        27.812005
       ],
       [
        84.739935,
        27.812303
       ],
       [
        84.741277,
        27.812832
       ],
       [
        84.743044,
        27.813243
       ],
       [
        84.743756,
        27.813273
       ],
       [
        84.743882,
        27.813276
       ],
       [
        84.743099,
        27.813352
       ],
       [
        84.74185,
        27.813424
       ],
       [
        84.741612,
        27.813437
       ],
       [
        84.740543,
        27.812923
       ]
      ],
      [
       [
        84.746767,
        27.81448
       ],
       [
        84.746699,
        27.813132
       ],
       [
        84.74666,
        27.813103
       ],
       [
        84.746698,
        27.813123
       ],
       [
        84.746667,
        27.812514
       ],
       [
        84.746746,
        27.811173
       ],
       [
        84.746754,
        27.811259
       ],
       [
        84.74693,
        27.811985
       ],
       [
        84.747723,
        27.813616
       ],
       [
        84.749016,
        27.813921
       ],
       [
        84.751839,
        27.813949
       ],
       [
        84.753119,
        27.813709
       ],
       [
        84.752602,
        27.813882
       ],
       [
        84.751536,
        27.814206
       ],
       [
        84.750042,
        27.814565
       ],
       [
        84.747598,
        27.814867
       ],
       [
        84.74684,
        27.814759
       ],
       [
        84.746767,
        27.81448
       ]
      ],
      [
       [
        84.77601,
        27.821256
       ],
       [
        84.773992,
        27.820342
       ],
       [
        84.771502,
        27.818565
       ],
       [
        84.769673,
        27.816722
       ],
       [
        84.768417,
        27.815516
       ],
       [
        84.770431,
        27.816747
       ],
       [
        84.773624,
        27.81757
       ],
       [
        84.775218,
        27.817506
       ],
       [
        84.776644,
        27.81722
       ],
       [
        84.77677,
        27.817109
       ],
       [
        84.777659,
        27.81601
       ],
       [
        84.778433,
        27.814325
       ],
       [
        84.778727,
        27.81231
       ],
       [
        84.778289,
        27.80992
       ],
       [
        84.777922,
        27.809123
       ],
       [
        84.77842,
        27.809856
       ],
       [
        84.779185,
        27.811495
       ],
       [
        84.779838,
        27.814368
       ],
       [
        84.779324,
        27.817731
       ],
       [
        84.777325,
        27.821065
       ],
       [
        84.77682,
        27.821526
       ],
       [
        84.77601,
        27.821256
       ]
      ],
      [
       [
        84.815128,
        27.822803
       ],
       [
        84.813345,
        27.81981
       ],
       [
        84.812518,
        27.817308
       ],
       [
        84.81224,
        27.815732
       ],
       [
        84.811963,
        27.814547
       ],
       [
        84.811785,
        27.812528
       ],
       [
        84.812027,
        27.809931
       ],
       [
        84.812781,
        27.807711
       ],
       [
        84.813169,
        27.806935
       ],
       [
        84.812845,
        27.808234
       ],
       [
        84.814425,
        27.81387
       ],
       [
        84.815833,
        27.815344
       ],
       [
        84.816937,
        27.815962
       ],
       [
        84.818409,
        27.816427
       ],
       [
        84.81989,
        27.816613
       ],
       [
        84.820368,
        27.816571
       ],
       [
        84.822582,
        27.815998
       ],
       [
        84.824479,
        27.814885
       ],
       [
        84.825731,
        27.813659
       ],
       [
        84.826871,
        27.811618
       ],
       [
        84.826861,
        27.811428
       ],
       [
        84.826929,
        27.81151
       ],
       [
        84.82676,
        27.813527
       ],
       [
        84.825884,
        27.816125
       ],
       [
        84.823959,
        27.818929
       ],
       [
        84.821137,
        27.821163
       ],
       [
        84.817276,
        27.822644
       ],
       [
        84.816147,
        27.823725
       ],
       [
        84.815128,
        27.822803
       ]
      ],
      [
       [
        84.842538,
        27.815132
       ],
       [
        84.839418,
        27.811283
       ],
       [
        84.838435,
        27.807557
       ],
       [
        84.83846,
        27.805952
       ],
       [
        84.838599,
        27.806899
       ],
       [
        84.840106,
        27.80975
       ],
       [
        84.841441,
        27.810811
       ],
       [
        84.843865,
        27.81033
       ],
       [
        84.846489,
        27.808679
       ],
       [
        84.84769,
        27.806899
       ],
       [
        84.848117,
        27.805257
       ],
       [
        84.847944,
        27.803499
       ],
       [
        84.848195,
        27.804127
       ],
       [
        84.848313,
        27.808337
       ],
       [
        84.845765,
        27.812884
       ],
       [
        84.845454,
        27.813119
       ],
       [
        84.845454,
        27.813984
       ],
       [
        84.84492,
        27.816053
       ],
       [
        84.842538,
        27.815132
       ]
      ],
      [
       [
        84.863981,
        27.812929
       ],
       [
        84.861225,
        27.806559
       ],
       [
        84.862647,
        27.801508
       ],
       [
        84.86398,
        27.799834
       ],
       [
        84.863289,
        27.801152
       ],
       [
        84.863721,
        27.807907
       ],
       [
        84.866127,
        27.810343
       ],
       [
        84.868716,
        27.809829
       ],
       [
        84.872374,
        27.807243
       ],
       [
        84.872026,
        27.807723
       ],
       [
        84.870777,
        27.809975
       ],
       [
        84.868029,
        27.81302
       ],
       [
        84.865973,
        27.814209
       ],
       [
        84.863981,
        27.812929
       ]
      ],
      [
       [
        84.881002,
        27.81697
       ],
       [
        84.879395,
        27.815995
       ],
       [
        84.880815,
        27.816612
       ],
       [
        84.884472,
        27.817158
       ],
       [
        84.887686,
        27.816446
       ],
       [
        84.890336,
        27.814603
       ],
       [
        84.890205,
        27.814933
       ],
       [
        84.886249,
        27.81778
       ],
       [
        84.884307,
        27.818087
       ],
       [
        84.881002,
        27.81697
       ]
      ],
      [
       [
        84.900031,
        27.815709
       ],
       [
        84.89819,
        27.814954
       ],
       [
        84.897589,
        27.814604
       ],
       [
        84.897321,
        27.814549
       ],
       [
        84.900159,
        27.814879
       ],
       [
        84.903578,
        27.814187
       ],
       [
        84.902841,
        27.814536
       ],
       [
        84.901425,
        27.81513
       ],
       [
        84.900051,
        27.815717
       ],
       [
        84.900031,
        27.815709
       ]
      ],
      [
       [
        84.912403,
        27.814191
       ],
       [
        84.909493,
        27.813809
       ],
       [
        84.908257,
        27.813471
       ],
       [
        84.906157,
        27.812861
       ],
       [
        84.907299,
        27.813009
       ],
       [
        84.913232,
        27.811361
       ],
       [
        84.917102,
        27.80561
       ],
       [
        84.917074,
        27.80325
       ],
       [
        84.917478,
        27.805056
       ],
       [
        84.917217,
        27.809021
       ],
       [
        84.914628,
        27.813391
       ],
       [
        84.913634,
        27.814048
       ],
       [
        84.912403,
        27.814191
       ]
      ],
      [
       [
        84.933621,
        27.8132
       ],
       [
        84.933456,
        27.812597
       ],
       [
        84.933043,
        27.812104
       ],
       [
        84.931754,
        27.810391
       ],
       [
        84.933216,
        27.811719
       ],
       [
        84.933149,
        27.811475
       ],
       [
        84.93313,
        27.811158
       ],
       [
        84.933428,
        27.811841
       ],
       [
        84.935988,
        27.813022
       ],
       [
        84.939153,
        27.813366
       ],
       [
        84.941744,
        27.812865
       ],
       [
        84.939962,
        27.813528
       ],
       [
        84.934672,
        27.813884
       ],
       [
        84.93386,
        27.813631
       ],
       [
        84.933621,
        27.8132
       ]
      ],
      [
       [
        84.936071,
        27.816616
       ],
       [
        84.935692,
        27.815132
       ],
       [
        84.935783,
        27.815233
       ],
       [
        84.938336,
        27.818735
       ],
       [
        84.938063,
        27.818718
       ],
       [
        84.936295,
        27.817144
       ],
       [
        84.936071,
        27.816616
       ]
      ],
      [
       [
        84.949753,
        27.824702
       ],
       [
        84.948664,
        27.823975
       ],
       [
        84.951794,
        27.824587
       ],
       [
        84.957402,
        27.823232
       ],
       [
        84.958792,
        27.822196
       ],
       [
        84.957003,
        27.823805
       ],
       [
        84.951588,
        27.825511
       ],
       [
        84.949753,
        27.824702
       ]
      ],
      [
       [
        84.964608,
        27.820588
       ],
       [
        84.960467,
        27.818278
       ],
       [
        84.959397,
        27.81722
       ],
       [
        84.961256,
        27.818452
       ],
       [
        84.965157,
        27.819517
       ],
       [
        84.971425,
        27.817793
       ],
       [
        84.974864,
        27.81341
       ],
       [
        84.974552,
        27.814796
       ],
       [
        84.973666,
        27.817554
       ],
       [
        84.972214,
        27.819846
       ],
       [
        84.964608,
        27.820588
       ]
      ],
      [
       [
        85.011908,
        27.834598
       ],
       [
        85.012466,
        27.833797
       ],
       [
        85.012823,
        27.833306
       ],
       [
        85.014992,
        27.830723
       ],
       [
        85.017282,
        27.82936
       ],
       [
        85.014489,
        27.831828
       ],
       [
        85.013428,
        27.833924
       ],
       [
        85.013251,
        27.835493
       ],
       [
        85.013233,
        27.835666
       ],
       [
        85.013916,
        27.83718
       ],
       [
        85.014454,
        27.837943
       ],
       [
        85.014084,
        27.837519
       ],
       [
        85.013105,
        27.83647
       ],
       [
        85.011933,
        27.835224
       ],
       [
        85.011657,
        27.834971
       ],
       [
        85.011908,
        27.834598
       ]
      ],
      [
       [
        85.015052,
        27.851148
       ],
       [
        85.013586,
        27.849645
       ],
       [
        85.016303,
        27.851448
       ],
       [
        85.018875,
        27.85217
       ],
       [
        85.019245,
        27.852236
       ],
       [
        85.016955,
        27.851894
       ],
       [
        85.015112,
        27.851188
       ],
       [
        85.015052,
        27.851148
       ]
      ],
      [
       [
        85.01947,
        27.852995
       ],
       [
        85.019127,
        27.851462
       ],
       [
        85.019023,
        27.85054
       ],
       [
        85.019179,
        27.851073
       ],
       [
        85.020432,
        27.853519
       ],
       [
        85.02263,
        27.855481
       ],
       [
        85.020666,
        27.854288
       ],
       [
        85.02061,
        27.85426
       ],
       [
        85.0198,
        27.853917
       ],
       [
        85.01947,
        27.852995
       ]
      ],
      [
       [
        85.034011,
        27.862983
       ],
       [
        85.03233,
        27.861918
       ],
       [
        85.033543,
        27.862532
       ],
       [
        85.034035,
        27.862551
       ],
       [
        85.034561,
        27.862711
       ],
       [
        85.034819,
        27.862689
       ],
       [
        85.036585,
        27.86238
       ],
       [
        85.037731,
        27.861979
       ],
       [
        85.037114,
        27.862297
       ],
       [
        85.034266,
        27.86313
       ],
       [
        85.034011,
        27.862983
       ]
      ],
      [
       [
        85.047872,
        27.860915
       ],
       [
        85.047471,
        27.859283
       ],
       [
        85.047694,
        27.859409
       ],
       [
        85.049392,
        27.861773
       ],
       [
        85.049418,
        27.861795
       ],
       [
        85.050131,
        27.86178
       ],
       [
        85.051727,
        27.86145
       ],
       [
        85.053269,
        27.860785
       ],
       [
        85.054846,
        27.859646
       ],
       [
        85.055013,
        27.859512
       ],
       [
        85.053714,
        27.860758
       ],
       [
        85.051869,
        27.861966
       ],
       [
        85.051373,
        27.86223
       ],
       [
        85.051007,
        27.862455
       ],
       [
        85.050191,
        27.863064
       ],
       [
        85.049495,
        27.863507
       ],
       [
        85.047872,
        27.860915
       ]
      ],
      [
       [
        85.031631,
        27.841472
       ],
       [
        85.02999,
        27.842908
       ],
       [
        85.029694,
        27.843323
       ],
       [
        85.029192,
        27.844042
       ],
       [
        85.028987,
        27.844271
       ],
       [
        85.029033,
        27.844212
       ],
       [
        85.029198,
        27.843775
       ],
       [
        85.029205,
        27.843681
       ],
       [
        85.029204,
        27.843595
       ],
       [
        85.028078,
        27.84458
       ],
       [
        85.028928,
        27.843797
       ],
       [
        85.029203,
        27.843535
       ],
       [
        85.029171,
        27.841435
       ],
       [
        85.027569,
        27.837884
       ],
       [
        85.024617,
        27.835422
       ],
       [
        85.022405,
        27.834586
       ],
       [
        85.020815,
        27.834324
       ],
       [
        85.021945,
        27.83441
       ],
       [
        85.025237,
        27.835312
       ],
       [
        85.028574,
        27.837515
       ],
       [
        85.028875,
        27.837845
       ],
       [
        85.03007,
        27.83836
       ],
       [
        85.031854,
        27.839292
       ],
       [
        85.03249,
        27.839678
       ],
       [
        85.031631,
        27.841472
       ]
      ],
      [
       [
        84.939721,
        27.796163
       ],
       [
        84.940635,
        27.796979
       ],
       [
        84.937828,
        27.796136
       ],
       [
        84.933718,
        27.796432
       ],
       [
        84.934396,
        27.796115
       ],
       [
        84.937907,
        27.795434
       ],
       [
        84.938945,
        27.795542
       ],
       [
        84.939721,
        27.796163
       ]
      ],
      [
       [
        84.888625,
        27.800028
       ],
       [
        84.891405,
        27.801505
       ],
       [
        84.890998,
        27.80133
       ],
       [
        84.88878,
        27.80062
       ],
       [
        84.887621,
        27.800499
       ],
       [
        84.887245,
        27.800589
       ],
       [
        84.885802,
        27.801091
       ],
       [
        84.886386,
        27.800724
       ],
       [
        84.888413,
        27.799996
       ],
       [
        84.888625,
        27.800028
       ]
      ],
      [
       [
        84.881799,
        27.799713
       ],
       [
        84.881831,
        27.800244
       ],
       [
        84.884164,
        27.800985
       ],
       [
        84.885821,
        27.801902
       ],
       [
        84.882047,
        27.800832
       ],
       [
        84.881868,
        27.800864
       ],
       [
        84.882271,
        27.807548
       ],
       [
        84.88042,
        27.810386
       ],
       [
        84.880353,
        27.810312
       ],
       [
        84.881535,
        27.806241
       ],
       [
        84.879262,
        27.80133
       ],
       [
        84.877191,
        27.8017
       ],
       [
        84.874455,
        27.803587
       ],
       [
        84.874964,
        27.802857
       ],
       [
        84.878479,
        27.800472
       ],
       [
        84.876891,
        27.799326
       ],
       [
        84.875958,
        27.799084
       ],
       [
        84.878028,
        27.799345
       ],
       [
        84.88062,
        27.799874
       ],
       [
        84.881694,
        27.799611
       ],
       [
        84.881799,
        27.799713
       ]
      ],
      [
       [
        84.855756,
        27.798539
       ],
       [
        84.857556,
        27.798499
       ],
       [
        84.856141,
        27.798845
       ],
       [
        84.856474,
        27.79911
       ],
       [
        84.858361,
        27.802741
       ],
       [
        84.85876,
        27.805288
       ],
       [
        84.858705,
        27.806383
       ],
       [
        84.858122,
        27.804277
       ],
       [
        84.855962,
        27.801648
       ],
       [
        84.853415,
        27.800682
       ],
       [
        84.853323,
        27.800785
       ],
       [
        84.853383,
        27.80067
       ],
       [
        84.850873,
        27.799718
       ],
       [
        84.849222,
        27.799856
       ],
       [
        84.851146,
        27.799178
       ],
       [
        84.854587,
        27.79857
       ],
       [
        84.855026,
        27.797958
       ],
       [
        84.855756,
        27.798539
       ]
      ],
      [
       [
        84.828607,
        27.801376
       ],
       [
        84.829277,
        27.801997
       ],
       [
        84.829985,
        27.801169
       ],
       [
        84.831933,
        27.799832
       ],
       [
        84.830655,
        27.800876
       ],
       [
        84.829759,
        27.802444
       ],
       [
        84.831315,
        27.80389
       ],
       [
        84.833015,
        27.810366
       ],
       [
        84.832297,
        27.812954
       ],
       [
        84.832402,
        27.813632
       ],
       [
        84.832255,
        27.81325
       ],
       [
        84.832207,
        27.813178
       ],
       [
        84.831779,
        27.814069
       ],
       [
        84.831933,
        27.813509
       ],
       [
        84.832011,
        27.812885
       ],
       [
        84.831672,
        27.812377
       ],
       [
        84.830453,
        27.811217
       ],
       [
        84.82931,
        27.810709
       ],
       [
        84.82688,
        27.810277
       ],
       [
        84.82598,
        27.81036
       ],
       [
        84.825166,
        27.813096
       ],
       [
        84.825146,
        27.81262
       ],
       [
        84.825215,
        27.810889
       ],
       [
        84.82529,
        27.808765
       ],
       [
        84.827188,
        27.804328
       ],
       [
        84.828029,
        27.803449
       ],
       [
        84.828467,
        27.801293
       ],
       [
        84.828607,
        27.801376
       ]
      ],
      [
       [
        84.765048,
        27.80428
       ],
       [
        84.76657,
        27.807395
       ],
       [
        84.767006,
        27.809861
       ],
       [
        84.767011,
        27.810057
       ],
       [
        84.767837,
        27.810761
       ],
       [
        84.768407,
        27.81131
       ],
       [
        84.767023,
        27.810474
       ],
       [
        84.767054,
        27.811607
       ],
       [
        84.766973,
        27.813006
       ],
       [
        84.766913,
        27.81218
       ],
       [
        84.76655,
        27.811024
       ],
       [
        84.765812,
        27.809933
       ],
       [
        84.765515,
        27.80983
       ],
       [
        84.764194,
        27.809656
       ],
       [
        84.762405,
        27.809823
       ],
       [
        84.761293,
        27.810198
       ],
       [
        84.759916,
        27.812429
       ],
       [
        84.759542,
        27.815112
       ],
       [
        84.759995,
        27.817385
       ],
       [
        84.76034,
        27.818044
       ],
       [
        84.759938,
        27.817477
       ],
       [
        84.758951,
        27.81542
       ],
       [
        84.758413,
        27.81231
       ],
       [
        84.758807,
        27.809695
       ],
       [
        84.759861,
        27.80735
       ],
       [
        84.76149,
        27.805271
       ],
       [
        84.763335,
        27.803707
       ],
       [
        84.764107,
        27.803201
       ],
       [
        84.765048,
        27.80428
       ]
      ],
      [
       [
        84.699106,
        27.798876
       ],
       [
        84.700295,
        27.798686
       ],
       [
        84.701859,
        27.798472
       ],
       [
        84.703444,
        27.798402
       ],
       [
        84.705114,
        27.798352
       ],
       [
        84.70535,
        27.79837
       ],
       [
        84.705093,
        27.798368
       ],
       [
        84.703314,
        27.798939
       ],
       [
        84.699916,
        27.801359
       ],
       [
        84.698317,
        27.804147
       ],
       [
        84.698136,
        27.805372
       ],
       [
        84.698104,
        27.805492
       ],
       [
        84.698004,
        27.804726
       ],
       [
        84.69786,
        27.803345
       ],
       [
        84.698397,
        27.799736
       ],
       [
        84.69891,
        27.798916
       ],
       [
        84.699106,
        27.798876
       ]
      ],
      [
       [
        84.65778,
        27.819571
       ],
       [
        84.657876,
        27.819511
       ],
       [
        84.657997,
        27.819257
       ],
       [
        84.658451,
        27.818428
       ],
       [
        84.658279,
        27.818829
       ],
       [
        84.658177,
        27.819322
       ],
       [
        84.658917,
        27.818858
       ],
       [
        84.659489,
        27.818574
       ],
       [
        84.658122,
        27.819589
       ],
       [
        84.657615,
        27.82206
       ],
       [
        84.658061,
        27.824414
       ],
       [
        84.658062,
        27.824506
       ],
       [
        84.657675,
        27.823518
       ],
       [
        84.657248,
        27.822099
       ],
       [
        84.657011,
        27.82018
       ],
       [
        84.65778,
        27.819571
       ]
      ],
      [
       [
        84.65297,
        27.843434
       ],
       [
        84.653783,
        27.843455
       ],
       [
        84.653675,
        27.843496
       ],
       [
        84.653449,
        27.843524
       ],
       [
        84.653393,
        27.843553
       ],
       [
        84.652342,
        27.844123
       ],
       [
        84.651738,
        27.844775
       ],
       [
        84.651249,
        27.84542
       ],
       [
        84.65148,
        27.844427
       ],
       [
        84.651761,
        27.843522
       ],
       [
        84.65297,
        27.843434
       ]
      ],
      [
       [
        84.62568,
        27.86206
       ],
       [
        84.627413,
        27.861493
       ],
       [
        84.629045,
        27.861026
       ],
       [
        84.630409,
        27.860774
       ],
       [
        84.627169,
        27.862038
       ],
       [
        84.624554,
        27.864443
       ],
       [
        84.623117,
        27.867934
       ],
       [
        84.623346,
        27.865931
       ],
       [
        84.623718,
        27.862954
       ],
       [
        84.62568,
        27.86206
       ]
      ],
      [
       [
        84.620786,
        27.866496
       ],
       [
        84.622147,
        27.867916
       ],
       [
        84.623175,
        27.869548
       ],
       [
        84.62383,
        27.871207
       ],
       [
        84.623927,
        27.871945
       ],
       [
        84.624923,
        27.872895
       ],
       [
        84.625633,
        27.873781
       ],
       [
        84.626219,
        27.874661
       ],
       [
        84.626637,
        27.875375
       ],
       [
        84.625966,
        27.874515
       ],
       [
        84.6249,
        27.873547
       ],
       [
        84.62407,
        27.873047
       ],
       [
        84.624152,
        27.873672
       ],
       [
        84.624112,
        27.875036
       ],
       [
        84.624087,
        27.874383
       ],
       [
        84.624064,
        27.874191
       ],
       [
        84.623745,
        27.873081
       ],
       [
        84.62359,
        27.872758
       ],
       [
        84.623565,
        27.872743
       ],
       [
        84.622364,
        27.872288
       ],
       [
        84.620819,
        27.871971
       ],
       [
        84.619796,
        27.87194
       ],
       [
        84.61912,
        27.872595
       ],
       [
        84.618141,
        27.873992
       ],
       [
        84.617684,
        27.874993
       ],
       [
        84.617482,
        27.875643
       ],
       [
        84.617707,
        27.877098
       ],
       [
        84.618486,
        27.8789
       ],
       [
        84.618486,
        27.878935
       ],
       [
        84.618013,
        27.878205
       ],
       [
        84.617279,
        27.876604
       ],
       [
        84.617249,
        27.87679
       ],
       [
        84.617276,
        27.876599
       ],
       [
        84.617248,
        27.87662
       ],
       [
        84.617253,
        27.876536
       ],
       [
        84.616931,
        27.875396
       ],
       [
        84.616686,
        27.873683
       ],
       [
        84.616975,
        27.871113
       ],
       [
        84.617464,
        27.869722
       ],
       [
        84.618106,
        27.868482
       ],
       [
        84.619467,
        27.866675
       ],
       [
        84.620126,
        27.866004
       ],
       [
        84.620786,
        27.866496
       ]
      ],
      [
       [
        84.540605,
        27.824721
       ],
       [
        84.542034,
        27.825156
       ],
       [
        84.543218,
        27.825641
       ],
       [
        84.543488,
        27.825786
       ],
       [
        84.540852,
        27.824971
       ],
       [
        84.538218,
        27.824864
       ],
       [
        84.537794,
        27.824917
       ],
       [
        84.536846,
        27.825308
       ],
       [
        84.537514,
        27.824953
       ],
       [
        84.53728,
        27.824982
       ],
       [
        84.537518,
        27.824931
       ],
       [
        84.537589,
        27.824913
       ],
       [
        84.537757,
        27.824823
       ],
       [
        84.538702,
        27.824421
       ],
       [
        84.540605,
        27.824721
       ]
      ],
      [
       [
        84.530761,
        27.824886
       ],
       [
        84.530582,
        27.826565
       ],
       [
        84.530413,
        27.827516
       ],
       [
        84.530391,
        27.827836
       ],
       [
        84.530357,
        27.828066
       ],
       [
        84.530385,
        27.828425
       ],
       [
        84.530406,
        27.829061
       ],
       [
        84.530361,
        27.828885
       ],
       [
        84.530083,
        27.828011
       ],
       [
        84.529403,
        27.826855
       ],
       [
        84.527904,
        27.825322
       ],
       [
        84.526861,
        27.824648
       ],
       [
        84.526549,
        27.824479
       ],
       [
        84.526727,
        27.824522
       ],
       [
        84.527431,
        27.824672
       ],
       [
        84.527807,
        27.82476
       ],
       [
        84.528322,
        27.824769
       ],
       [
        84.528489,
        27.824773
       ],
       [
        84.528674,
        27.824733
       ],
       [
        84.529298,
        27.824601
       ],
       [
        84.53059,
        27.824355
       ],
       [
        84.530751,
        27.82434
       ],
       [
        84.530761,
        27.824886
       ]
      ],
      [
       [
        84.499454,
        27.811995
       ],
       [
        84.500813,
        27.812887
       ],
       [
        84.502142,
        27.813918
       ],
       [
        84.501772,
        27.813656
       ],
       [
        84.500061,
        27.812764
       ],
       [
        84.497524,
        27.812095
       ],
       [
        84.493693,
        27.812277
       ],
       [
        84.494398,
        27.812088
       ],
       [
        84.495111,
        27.811877
       ],
       [
        84.496143,
        27.811617
       ],
       [
        84.497296,
        27.811361
       ],
       [
        84.497865,
        27.811272
       ],
       [
        84.499454,
        27.811995
       ]
      ],
      [
       [
        84.489544,
        27.81195
       ],
       [
        84.491697,
        27.81238
       ],
       [
        84.492027,
        27.812506
       ],
       [
        84.489601,
        27.81206
       ],
       [
        84.486887,
        27.812265
       ],
       [
        84.485415,
        27.81267
       ],
       [
        84.484782,
        27.812993
       ],
       [
        84.483926,
        27.813546
       ],
       [
        84.483763,
        27.813649
       ],
       [
        84.484839,
        27.812823
       ],
       [
        84.485879,
        27.812174
       ],
       [
        84.486136,
        27.812038
       ],
       [
        84.489544,
        27.81195
       ]
      ],
      [
       [
        84.474253,
        27.81446
       ],
       [
        84.47426,
        27.814459
       ],
       [
        84.474439,
        27.814446
       ],
       [
        84.47442,
        27.814458
       ],
       [
        84.474283,
        27.814498
       ],
       [
        84.474865,
        27.815247
       ],
       [
        84.475639,
        27.81669
       ],
       [
        84.476003,
        27.817603
       ],
       [
        84.476362,
        27.818818
       ],
       [
        84.476549,
        27.819946
       ],
       [
        84.476616,
        27.82158
       ],
       [
        84.476396,
        27.823183
       ],
       [
        84.476035,
        27.82443
       ],
       [
        84.475648,
        27.825404
       ],
       [
        84.475271,
        27.826194
       ],
       [
        84.475124,
        27.826511
       ],
       [
        84.47536,
        27.825902
       ],
       [
        84.475617,
        27.824886
       ],
       [
        84.475716,
        27.82376
       ],
       [
        84.475638,
        27.822727
       ],
       [
        84.475475,
        27.821971
       ],
       [
        84.474958,
        27.820656
       ],
       [
        84.473347,
        27.818428
       ],
       [
        84.469621,
        27.816123
       ],
       [
        84.46725,
        27.81557
       ],
       [
        84.465625,
        27.815532
       ],
       [
        84.465989,
        27.815497
       ],
       [
        84.466414,
        27.815475
       ],
       [
        84.466511,
        27.815462
       ],
       [
        84.466957,
        27.815383
       ],
       [
        84.46804,
        27.815238
       ],
       [
        84.469754,
        27.815158
       ],
       [
        84.470035,
        27.815177
       ],
       [
        84.470102,
        27.815159
       ],
       [
        84.471188,
        27.814883
       ],
       [
        84.472555,
        27.814653
       ],
       [
        84.473515,
        27.814538
       ],
       [
        84.473844,
        27.814503
       ],
       [
        84.474185,
        27.814372
       ],
       [
        84.474253,
        27.81446
       ]
      ],
      [
       [
        84.450475,
        27.813566
       ],
       [
        84.451127,
        27.815024
       ],
       [
        84.45136,
        27.815867
       ],
       [
        84.451551,
        27.816029
       ],
       [
        84.451549,
        27.816054
       ],
       [
        84.45139,
        27.815975
       ],
       [
        84.451534,
        27.816495
       ],
       [
        84.4517,
        27.817495
       ],
       [
        84.451296,
        27.816206
       ],
       [
        84.45111,
        27.815834
       ],
       [
        84.449251,
        27.814904
       ],
       [
        84.447648,
        27.814523
       ],
       [
        84.44627,
        27.814417
       ],
       [
        84.445351,
        27.814472
       ],
       [
        84.444721,
        27.814576
       ],
       [
        84.444347,
        27.814677
       ],
       [
        84.444358,
        27.814664
       ],
       [
        84.444193,
        27.814741
       ],
       [
        84.447872,
        27.81302
       ],
       [
        84.449668,
        27.812381
       ],
       [
        84.450475,
        27.813566
       ]
      ],
      [
       [
        84.441908,
        27.807888
       ],
       [
        84.442268,
        27.810286
       ],
       [
        84.44245,
        27.811108
       ],
       [
        84.442027,
        27.809874
       ],
       [
        84.441544,
        27.808997
       ],
       [
        84.440734,
        27.807991
       ],
       [
        84.440228,
        27.807524
       ],
       [
        84.439939,
        27.807381
       ],
       [
        84.438871,
        27.807002
       ],
       [
        84.437942,
        27.806783
       ],
       [
        84.437035,
        27.806698
       ],
       [
        84.436577,
        27.806697
       ],
       [
        84.43657,
        27.806681
       ],
       [
        84.437231,
        27.806644
       ],
       [
        84.438364,
        27.806608
       ],
       [
        84.440984,
        27.806908
       ],
       [
        84.44176,
        27.807161
       ],
       [
        84.441908,
        27.807888
       ]
      ],
      [
       [
        84.443164,
        27.787548
       ],
       [
        84.441797,
        27.78744
       ],
       [
        84.440337,
        27.787287
       ],
       [
        84.440118,
        27.787286
       ],
       [
        84.43929,
        27.787217
       ],
       [
        84.439857,
        27.78722
       ],
       [
        84.441972,
        27.786924
       ],
       [
        84.44511,
        27.785525
       ],
       [
        84.4457,
        27.785109
       ],
       [
        84.446001,
        27.784795
       ],
       [
        84.443385,
        27.787554
       ],
       [
        84.443164,
        27.787548
       ]
      ],
      [
       [
        84.45498,
        27.750015
       ],
       [
        84.455836,
        27.751469
       ],
       [
        84.45654,
        27.752824
       ],
       [
        84.456771,
        27.753447
       ],
       [
        84.456406,
        27.752732
       ],
       [
        84.456203,
        27.752424
       ],
       [
        84.455776,
        27.75194
       ],
       [
        84.45534,
        27.751538
       ],
       [
        84.454731,
        27.751126
       ],
       [
        84.454349,
        27.750923
       ],
       [
        84.453419,
        27.75123
       ],
       [
        84.452879,
        27.751488
       ],
       [
        84.451367,
        27.752552
       ],
       [
        84.450429,
        27.753551
       ],
       [
        84.449772,
        27.754606
       ],
       [
        84.449577,
        27.754972
       ],
       [
        84.450168,
        27.75361
       ],
       [
        84.451835,
        27.751281
       ],
       [
        84.453032,
        27.750149
       ],
       [
        84.454301,
        27.748972
       ],
       [
        84.45498,
        27.750015
       ]
      ],
      [
       [
        84.56202,
        27.849341
       ],
       [
        84.56231,
        27.849366
       ],
       [
        84.562497,
        27.849434
       ],
       [
        84.565199,
        27.851145
       ],
       [
        84.566874,
        27.853342
       ],
       [
        84.566914,
        27.85322
       ],
       [
        84.566983,
        27.852881
       ],
       [
        84.567008,
        27.852365
       ],
       [
        84.567178,
        27.852552
       ],
       [
        84.567198,
        27.852653
       ],
       [
        84.567221,
        27.8526
       ],
       [
        84.568219,
        27.853702
       ],
       [
        84.569324,
        27.857069
       ],
       [
        84.568887,
        27.860552
       ],
       [
        84.566976,
        27.863623
       ],
       [
        84.56388,
        27.865813
       ],
       [
        84.560072,
        27.86679
       ],
       [
        84.556341,
        27.866424
       ],
       [
        84.552981,
        27.864942
       ],
       [
        84.550382,
        27.862296
       ],
       [
        84.549125,
        27.858972
       ],
       [
        84.549403,
        27.855475
       ],
       [
        84.551172,
        27.852339
       ],
       [
        84.554163,
        27.85004
       ],
       [
        84.557921,
        27.848928
       ],
       [
        84.561765,
        27.849167
       ],
       [
        84.562131,
        27.8493
       ],
       [
        84.561404,
        27.849335
       ],
       [
        84.56202,
        27.849341
       ]
      ],
      [
       [
        85.055019,
        27.852729
       ],
       [
        85.057462,
        27.850403
       ],
       [
        85.058109,
        27.850001
       ],
       [
        85.061321,
        27.8487
       ],
       [
        85.062607,
        27.848658
       ],
       [
        85.061658,
        27.849762
       ],
       [
        85.06108,
        27.851701
       ],
       [
        85.05851,
        27.851309
       ],
       [
        85.055016,
        27.852737
       ],
       [
        85.055019,
        27.852729
       ]
      ]
     ],
     [
      [
       [
        84.592133,
        27.870247
       ],
       [
        84.592643,
        27.870724
       ],
       [
        84.593325,
        27.870987
       ],
       [
        84.594172,
        27.871572
       ],
       [
        84.594624,
        27.870215
       ],
       [
        84.596177,
        27.867606
       ],
       [
        84.596626,
        27.867133
       ],
       [
        84.596057,
        27.867165
       ],
       [
        84.594511,
        27.867384
       ],
       [
        84.593049,
        27.86774
       ],
       [
        84.591297,
        27.86834
       ],
       [
        84.590175,
        27.868863
       ],
       [
        84.590844,
        27.869262
       ],
       [
        84.592133,
        27.870247
       ]
      ]
     ],
     [
      [
       [
        84.586822,
        27.86874
       ],
       [
        84.58683,
        27.868785
       ],
       [
        84.586831,
        27.86888
       ],
       [
        84.586655,
        27.870469
       ],
       [
        84.586386,
        27.871381
       ],
       [
        84.586364,
        27.8714
       ],
       [
        84.585764,
        27.87201
       ],
       [
        84.584969,
        27.872898
       ],
       [
        84.585085,
        27.872802
       ],
       [
        84.58581,
        27.872264
       ],
       [
        84.587056,
        27.871596
       ],
       [
        84.587972,
        27.871302
       ],
       [
        84.58969,
        27.871044
       ],
       [
        84.59218,
        27.871324
       ],
       [
        84.591702,
        27.870443
       ],
       [
        84.591649,
        27.870401
       ],
       [
        84.591291,
        27.870256
       ],
       [
        84.591314,
        27.870259
       ],
       [
        84.591567,
        27.870336
       ],
       [
        84.589882,
        27.868999
       ],
       [
        84.589867,
        27.869006
       ],
       [
        84.588695,
        27.869626
       ],
       [
        84.587201,
        27.87066
       ],
       [
        84.586434,
        27.871338
       ],
       [
        84.586654,
        27.87088
       ],
       [
        84.587112,
        27.869717
       ],
       [
        84.587456,
        27.868546
       ],
       [
        84.587609,
        27.867717
       ],
       [
        84.587336,
        27.867641
       ],
       [
        84.587387,
        27.867694
       ],
       [
        84.587533,
        27.867822
       ],
       [
        84.587251,
        27.867617
       ],
       [
        84.586439,
        27.867392
       ],
       [
        84.586613,
        27.867723
       ],
       [
        84.586979,
        27.868659
       ],
       [
        84.586627,
        27.868007
       ],
       [
        84.586822,
        27.86874
       ]
      ]
     ],
     [
      [
       [
        84.62274,
        27.871272
       ],
       [
        84.623123,
        27.871781
       ],
       [
        84.62359,
        27.872758
       ],
       [
        84.62407,
        27.873047
       ],
       [
        84.623927,
        27.871945
       ],
       [
        84.623481,
        27.87152
       ],
       [
        84.622471,
        27.870785
       ],
       [
        84.621524,
        27.870103
       ],
       [
        84.62274,
        27.871272
       ]
      ]
     ],
     [
      [
       [
        85.022115,
        27.811403
       ],
       [
        85.021901,
        27.812584
       ],
       [
        85.020338,
        27.815139
       ],
       [
        85.020384,
        27.81512
       ],
       [
        85.02306,
        27.812534
       ],
       [
        85.023527,
        27.811395
       ],
       [
        85.022595,
        27.810014
       ],
       [
        85.02161,
        27.808798
       ],
       [
        85.02092,
        27.808034
       ],
       [
        85.021058,
        27.808211
       ],
       [
        85.021901,
        27.809901
       ],
       [
        85.022069,
        27.810511
       ],
       [
        85.022115,
        27.811403
       ]
      ]
     ],
     [
      [
       [
        85.038325,
        27.844989
       ],
       [
        85.038038,
        27.844969
       ],
       [
        85.038781,
        27.846347
       ],
       [
        85.039098,
        27.847914
       ],
       [
        85.040087,
        27.84729
       ],
       [
        85.04011,
        27.847277
       ],
       [
        85.040114,
        27.847274
       ],
       [
        85.041704,
        27.846103
       ],
       [
        85.041357,
        27.845948
       ],
       [
        85.038325,
        27.844989
       ]
      ]
     ],
     [
      [
       [
        85.348851,
        28.277921
       ],
       [
        85.346277,
        28.27903
       ],
       [
        85.347268,
        28.278732
       ],
       [
        85.350116,
        28.278449
       ],
       [
        85.35017,
        28.278487
       ],
       [
        85.345727,
        28.279574
       ],
       [
        85.341583,
        28.281036
       ],
       [
        85.34086,
        28.282092
       ],
       [
        85.340362,
        28.282476
       ],
       [
        85.337608,
        28.286649
       ],
       [
        85.337529,
        28.287052
       ],
       [
        85.337224,
        28.287912
       ],
       [
        85.336864,
        28.289895
       ],
       [
        85.337185,
        28.29372
       ],
       [
        85.337864,
        28.29483
       ],
       [
        85.337869,
        28.294223
       ],
       [
        85.338048,
        28.292747
       ],
       [
        85.338131,
        28.292478
       ],
       [
        85.338643,
        28.295587
       ],
       [
        85.339248,
        28.293527
       ],
       [
        85.340728,
        28.29199
       ],
       [
        85.33867,
        28.295751
       ],
       [
        85.338687,
        28.295855
       ],
       [
        85.338802,
        28.296038
       ],
       [
        85.339982,
        28.29396
       ],
       [
        85.34299,
        28.291665
       ],
       [
        85.346767,
        28.290557
       ],
       [
        85.349239,
        28.290712
       ],
       [
        85.348115,
        28.289018
       ],
       [
        85.347577,
        28.285545
       ],
       [
        85.348589,
        28.282155
       ],
       [
        85.350997,
        28.279364
       ],
       [
        85.353897,
        28.277874
       ],
       [
        85.354467,
        28.277742
       ],
       [
        85.3555,
        28.277726
       ],
       [
        85.355092,
        28.277602
       ],
       [
        85.355077,
        28.277601
       ],
       [
        85.357146,
        28.277123
       ],
       [
        85.357837,
        28.277207
       ],
       [
        85.358378,
        28.276823
       ],
       [
        85.360288,
        28.276594
       ],
       [
        85.36014,
        28.27658
       ],
       [
        85.35699,
        28.276816
       ],
       [
        85.354391,
        28.277563
       ],
       [
        85.353049,
        28.277487
       ],
       [
        85.35173,
        28.277504
       ],
       [
        85.348851,
        28.277921
       ]
      ]
     ],
     [
      [
       [
        85.357833,
        28.289645
       ],
       [
        85.355831,
        28.286581
       ],
       [
        85.355083,
        28.285893
       ],
       [
        85.356835,
        28.28888
       ],
       [
        85.357135,
        28.291579
       ],
       [
        85.357312,
        28.291311
       ],
       [
        85.3573,
        28.291363
       ],
       [
        85.35795,
        28.290432
       ],
       [
        85.357833,
        28.289645
       ]
      ]
     ],
     [
      [
       [
        85.350737,
        28.290807
       ],
       [
        85.349239,
        28.290712
       ],
       [
        85.350122,
        28.292045
       ],
       [
        85.353291,
        28.294165
       ],
       [
        85.354919,
        28.294542
       ],
       [
        85.355137,
        28.294464
       ],
       [
        85.355642,
        28.293741
       ],
       [
        85.354297,
        28.292375
       ],
       [
        85.350737,
        28.290807
       ]
      ]
     ],
     [
      [
       [
        85.355967,
        28.294072
       ],
       [
        85.356337,
        28.294447
       ],
       [
        85.357385,
        28.293994
       ],
       [
        85.357076,
        28.294248
       ],
       [
        85.356481,
        28.294594
       ],
       [
        85.356877,
        28.294995
       ],
       [
        85.357141,
        28.295057
       ],
       [
        85.357764,
        28.294982
       ],
       [
        85.357459,
        28.293603
       ],
       [
        85.357699,
        28.293716
       ],
       [
        85.357878,
        28.294968
       ],
       [
        85.358307,
        28.294916
       ],
       [
        85.358469,
        28.293922
       ],
       [
        85.357992,
        28.290714
       ],
       [
        85.357787,
        28.291364
       ],
       [
        85.355967,
        28.294072
       ]
      ]
     ],
     [
      [
       [
        85.361575,
        28.294281
       ],
       [
        85.36093,
        28.294444
       ],
       [
        85.35964,
        28.29454
       ],
       [
        85.359048,
        28.294518
       ],
       [
        85.360238,
        28.294684
       ],
       [
        85.358307,
        28.294916
       ],
       [
        85.358255,
        28.295235
       ],
       [
        85.358474,
        28.295193
       ],
       [
        85.359704,
        28.294968
       ],
       [
        85.36056,
        28.294729
       ],
       [
        85.360599,
        28.294735
       ],
       [
        85.3625,
        28.294392
       ],
       [
        85.361812,
        28.294319
       ],
       [
        85.361756,
        28.2943
       ],
       [
        85.361575,
        28.294281
       ]
      ]
     ],
     [
      [
       [
        85.35444,
        28.295498
       ],
       [
        85.354593,
        28.295358
       ],
       [
        85.35366,
        28.295589
       ],
       [
        85.356735,
        28.295526
       ],
       [
        85.35707,
        28.295462
       ],
       [
        85.356904,
        28.295023
       ],
       [
        85.356877,
        28.294995
       ],
       [
        85.356099,
        28.294815
       ],
       [
        85.355591,
        28.295111
       ],
       [
        85.354605,
        28.295355
       ],
       [
        85.35444,
        28.295498
       ]
      ]
     ],
     [
      [
       [
        85.35338,
        28.295594
       ],
       [
        85.352578,
        28.295456
       ],
       [
        85.35255,
        28.295456
       ],
       [
        85.352565,
        28.295453
       ],
       [
        85.352426,
        28.295429
       ],
       [
        85.349678,
        28.296408
       ],
       [
        85.350745,
        28.296311
       ],
       [
        85.35366,
        28.295589
       ],
       [
        85.35338,
        28.295594
       ]
      ]
     ],
     [
      [
       [
        85.33786,
        28.295417
       ],
       [
        85.337732,
        28.29615
       ],
       [
        85.338031,
        28.297674
       ],
       [
        85.338377,
        28.296494
       ],
       [
        85.338351,
        28.296334
       ],
       [
        85.338508,
        28.296047
       ],
       [
        85.338541,
        28.295936
       ],
       [
        85.337864,
        28.29483
       ],
       [
        85.33786,
        28.295417
       ]
      ]
     ],
     [
      [
       [
        85.358095,
        28.29648
       ],
       [
        85.357837,
        28.295315
       ],
       [
        85.35707,
        28.295462
       ],
       [
        85.357746,
        28.29725
       ],
       [
        85.357992,
        28.298325
       ],
       [
        85.356696,
        28.302541
       ],
       [
        85.358489,
        28.299226
       ],
       [
        85.358095,
        28.29648
       ]
      ]
     ],
     [
      [
       [
        85.338414,
        28.29672
       ],
       [
        85.338201,
        28.297095
       ],
       [
        85.338118,
        28.29812
       ],
       [
        85.338561,
        28.300377
       ],
       [
        85.339141,
        28.301184
       ],
       [
        85.338414,
        28.29672
       ]
      ]
     ]
    ]
   }
  }
 ]
}